id,first_name,last_name,DOB,email,gender,ip_address
1,Millisent,Kennea,10/15/2015,mkennea0@feedburner.com,Female,86.100.70.139
2,Gothart,Tripony,5/5/2021,gtripony1@microsoft.com,Male,133.98.26.58
3,Quintilla,Guillet,12/12/2006,qguillet2@about.com,Female,129.235.222.245
4,Betta,Tuckie,4/21/2002,btuckie3@chronoengine.com,Male,66.221.68.170Î
5,Hanna,Elgood,12/21/2008,helgood4@virginia.edu,Female,75.107.97.104
6,Floria,Wyrill,11/20/2003,fwyrill5@google.es,Female,192.72.95.110
7,Lane,Pridgeon,2/8/2002,lpridgeon6@tinypic.com,Female,225.65.39.139
8,Sabra,Bullan,9/29/2018,sbullan7@ca.gov,Male,66.80.216.40
9,Kin,Haycroft,5/14/2015,khaycroft8@dedecms.com,Male,24.164.4.180
10,Tad,Causbey,8/21/2003,tcausbey9@networksolutions.com,Female,199.111.46.100
11,Kaylyn,Huot,5/29/2021,khuota@etsy.com,Male,253.199.173.30
11,Kaylyn,Huot,5/29/2021,khuota@etsy.com,Male,253.199.173.30
12,Darya,Iashvili,6/11/2008,diashvilib@biblegateway.com,Female,238.228.28.0
752,Tersina,Forbes,1/31/2003,tforbeskv@berkeley.edu,Male,159.229.49.159
13,Peggie,Mallan,2/11/2013,pmallanc@fema.gov,Female,102.21.62.187
14,Cami,Leynagh,10/31/2010,cleynaghd@cam.ac.uk,Female,208.217.41.225
15,Drucie,Traynor,8/21/2010,dtraynore@home.pl,Male,189.69.229.246
16,Cornela,Hall-Gough,8/29/2003,challgoughf@plala.or.jp,Female,96.120.161.202
17,Janene,Borham,8/6/2011,jborhamg@unicef.org,Male,186.16.117.52
18,Jeniece,Burdin,7/13/2014,jburdinh@indiatimes.com,Male,7.232.221.137
19,Corrianne,Berkowitz,7/13/2013,cberkowitzi@state.gov,Female,26.59.49.76
20,Gisela,Somes,6/23/2019,gsomesj@purevolume.com,Female,240.231.9.28
21,Augustine,Jarrel,4/6/2002,ajarrelk@nytimes.com,Female,116.155.170.10
11,Kaylyn,Huot,5/29/2021,khuota@etsy.com,Male,253.199.173.30
22,Hatti,Hartin,11/14/2012,hhartinl@liveinternet.ru,Female,45.136.40.1
23,Ellis,Connichie,2/23/2021,econnichiem@newyorker.com,Female,110.83.92.166
24,Marina,Collisson,2/13/2007,mcollissonn@zimbio.com,Male,68.155.58.175
25,Corena,Isacke,6/6/2020,cisackeo@sitemeter.com,Male,84.170.4.108
26,Lib,Bonnesen,11/5/2018,lbonnesenp@reddit.com,Female,178.11.242.208
27,Dominik,Smeal,11/15/2001,dsmealq@so-net.ne.jp,Female,241.175.89.163
28,Gilles,Pearton,10/1/2010,gpeartonr@usnews.com,Female,197.124.226.160
29,Sabina,Mursell,9/17/2010,smursells@nih.gov,Female,250.141.187.143
11,Kaylyn,Huot,5/29/2021,khuota@etsy.com,Male,253.199.173.30
30,Kean,Oen,1/13/2015,koent@wikispaces.com,Male,140.87.19.84
31,Belita,Lilie,2/18/2018,blilieu@rediff.com,Agender,183.47.231.189
32,Sloan,Jamson,3/1/2017,sjamsonv@independent.co.uk,Female,192.215.50.68
33,Constantin,Ashpital,12/8/2012,cashpitalw@ovh.net,Female,26.144.14.45
34,Glennie,Rosengren,12/14/2004,grosengrenx@istockphoto.com,Female,113.213.50.159
35,Paulette,Dudeney,1/21/2001,pdudeneyy@sourceforge.net,Female,130.52.219.40
36,Adriana,Breitler,2/1/2015,abreitlerz@prlog.org,Bigender,50.97.203.193
11,Kaylyn,Huot,5/29/2021,khuota@etsy.com,Male,253.199.173.30
37,Griffy,Canland,3/11/2015,gcanland10@ihg.com,Female,93.7.73.173
38,Johnathan,Vescovini,8/26/2006,jvescovini11@reddit.com,Male,166.14.190.37
39,Goran,Domek,8/25/2018,gdomek12@infoseek.co.jp,Non-binary,18.255.224.71
40,Roslyn,Forrestill,8/2/2015,rforrestill13@diigo.com,Bigender,19.101.163.66
41,Leland,Dawidowitsch,7/31/2019,ldawidowitsch14@youku.com,Male,252.65.129.255
42,Brady,Lince,3/11/2005,blince15@yellowbook.com,Female,208.185.6.197
43,Tedman,Reglar,8/29/2014,treglar16@skyrock.com,Male,20.146.38.185
11,Kaylyn,Huot,5/29/2021,khuota@etsy.com,Male,253.199.173.30
44,Natka,Lorant,4/24/2017,nlorant17@timesonline.co.uk,Male,20.129.169.247
45,Gilligan,Jocic,10/1/2007,gjocic18@goo.ne.jp,Male,195.102.19.9
46,Jennette,Swanborrow,2/3/2017,jswanborrow19@google.com.hk,Male,199.165.235.19
47,Zaneta,Garrish,9/6/2019,zgarrish1a@vimeo.com,Male,228.118.122.241
48,Sorcha,Fausch,12/8/2009,sfausch1b@1und1.de,Male,123.170.187.93
49,Rebeka,Tolputt,1/12/2013,rtolputt1c@mail.ru,Female,212.232.254.38
50,Leodora,Brophy,7/10/2004,lbrophy1d@acquirethisname.com,Female,82.213.160.189
51,Erinn,Streater,6/18/2007,estreater1e@technorati.com,Female,190.192.161.122
52,Jameson,Mitrovic,9/16/2021,jmitrovic1f@skype.com,Female,213.70.184.121
53,Hillie,Skepper,11/22/2001,hskepper1g@biglobe.ne.jp,Female,52.207.56.61
54,Orlando,Glazyer,11/3/2012,oglazyer1h@diigo.com,Female,142.51.226.250
55,Uri,Koomar,12/24/2021,ukoomar1i@cocolog-nifty.com,Male,175.13.98.31
56,Scot,Muggeridge,3/28/2021,smuggeridge1j@flavors.me,Male,49.20.158.63
57,Xenos,Akram,4/5/2016,xakram1k@devhub.com,Male,57.184.223.15
58,Sayres,Setford,5/14/2014,ssetford1l@twitter.com,Female,29.56.20.185
59,Shaw,Peltz,4/20/2002,speltz1m@quantcast.com,Polygender,130.232.120.118
60,Sondra,Laudham,12/28/2021,slaudham1n@bluehost.com,Male,249.246.170.182
61,Mora,Hylton,7/31/2014,mhylton1o@pcworld.com,Male,220.135.175.24
62,Henrik,Davidof,4/8/2009,hdavidof1p@live.com,Female,110.4.147.226
63,Ondrea,Brimley,8/18/2017,obrimley1q@addthis.com,Female,220.145.133.46
64,Baillie,Cianelli,4/9/2012,bcianelli1r@unc.edu,Male,63.111.141.155
65,Alphonse,Physic,4/23/2007,aphysic1s@wikispaces.com,Male,58.22.190.81
66,Steve,Costa,4/16/2016,scosta1t@jugem.jp,Female,64.122.239.13
67,Valentijn,Gannan,6/20/2006,vgannan1u@cbslocal.com,Female,32.99.147.197
68,Immanuel,Sazio,1/4/2012,isazio1v@dot.gov,Female,41.113.226.147
69,Lorena,Pittson,8/24/2014,lpittson1w@reuters.com,Non-binary,63.170.221.193
70,Mersey,Pittaway,7/9/2006,mpittaway1x@cmu.edu,Male,202.64.21.67
71,Rusty,Salack,3/15/2015,rsalack1y@howstuffworks.com,Female,173.174.253.115
72,Lauretta,Kellard,7/15/2019,lkellard1z@indiatimes.com,Male,79.120.86.14
73,Alysa,Brigg,1/19/2008,abrigg20@desdev.cn,Female,9.160.22.44
74,Willard,Laycock,4/10/2019,wlaycock21@networksolutions.com,Female,102.133.132.137
75,Noellyn,Martlew,9/28/2020,nmartlew22@tripadvisor.com,Female,142.196.78.169
76,Melesa,Espino,10/29/2021,mespino23@google.de,Male,215.136.23.35
77,Heriberto,Bushe,12/5/2007,hbushe24@illinois.edu,Female,217.39.54.238
78,Debby,Keach,12/30/2014,dkeach25@shutterfly.com,Female,165.19.213.149
79,Nara,Noice,1/22/2015,nnoice26@histats.com,Agender,164.235.149.26
80,Dalt,Hodinton,4/12/2005,dhodinton27@home.pl,Female,251.249.226.250
81,Allys,Spore,5/31/2014,aspore28@howstuffworks.com,Genderfluid,58.170.195.34
82,Rafaello,Stenson,12/7/2002,rstenson29@51.la,Male,221.165.27.9
83,Deanne,Besque,4/8/2011,dbesque2a@posterous.com,Male,9.214.214.220
84,Cornell,O'Gready,6/11/2017,cogready2b@usda.gov,Male,243.149.249.134
85,Nikkie,Davisson,5/13/2019,ndavisson2c@google.co.uk,Male,121.18.156.6
86,Maurise,Estoile,4/26/2001,mestoile2d@newyorker.com,Male,87.243.238.81
87,Nikola,Le Marchand,12/12/2021,nlemarchand2e@salon.com,Female,173.140.216.150
88,Devondra,Layfield,9/5/2012,dlayfield2f@cnn.com,Male,221.88.114.1
89,Gracie,Jephcott,9/13/2003,gjephcott2g@accuweather.com,Male,148.249.230.41
90,Kirsti,Kendal,3/13/2007,kkendal2h@chicagotribune.com,Male,23.107.24.130
91,Steffi,Gibbon,11/25/2021,sgibbon2i@bravesites.com,Female,236.67.197.110
92,Ingmar,Itzkovici,5/30/2011,iitzkovici2j@hc360.com,Polygender,96.182.83.212
93,Odelle,Stallworthy,6/16/2014,ostallworthy2k@latimes.com,Male,230.71.11.20
94,Prudi,Summers,2/23/2010,psummers2l@ezinearticles.com,Female,45.184.205.147
95,Doroteya,Harlow,6/23/2002,dharlow2m@usatoday.com,Female,98.180.179.209
96,Shae,Wansbury,2/12/2018,swansbury2n@discuz.net,Male,85.24.211.155
97,Rebecka,Speare,1/15/2013,rspeare2o@hubpages.com,Female,223.114.23.140
98,Hurlee,Isaacs,8/20/2003,hisaacs2p@live.com,Female,188.69.134.238
99,Onfroi,Kellock,1/1/2022,okellock2q@blogs.com,Female,136.184.62.112
100,Rosabel,Brunnen,9/10/2017,rbrunnen2r@acquirethisname.com,Bigender,22.212.225.207
101,Ulrika,Lawrence,2/12/2012,ulawrence2s@blogspot.com,Male,53.117.111.251
102,Carree,Obert,12/19/2020,cobert2t@kickstarter.com,Male,53.227.195.221
103,Danyelle,Beade,7/26/2021,dbeade2u@unc.edu,Female,149.12.202.184
104,Hannie,Iacomettii,10/27/2001,hiacomettii2v@about.com,Male,15.163.148.221
105,Bonni,Tombleson,6/9/2004,btombleson2w@themeforest.net,Male,102.189.110.92
106,Dorry,Sponton,8/25/2008,dsponton2x@amazon.co.uk,Male,110.92.10.30
107,Urbain,Paolacci,6/2/2006,upaolacci2y@paypal.com,Female,91.134.84.183
108,Steward,Instone,11/8/2017,sinstone2z@moonfruit.com,Female,45.202.179.104
109,Truda,Iacovides,4/18/2004,tiacovides30@csmonitor.com,Female,144.245.163.154
110,Berthe,Hightown,6/1/2012,bhightown31@blogspot.com,Agender,81.223.188.149
111,Symon,Scannell,10/11/2019,sscannell32@blog.com,Male,62.211.27.109
112,Katharine,Burling,8/7/2010,kburling33@digg.com,Male,45.190.102.36
113,Jody,Charlin,5/22/2004,jcharlin34@upenn.edu,Male,223.14.190.127
114,Bartholomeus,Eilhart,7/30/2006,beilhart35@wunderground.com,Female,177.163.100.117
115,Adrian,Handasyde,12/15/2008,ahandasyde36@joomla.org,Female,49.164.43.197
116,Kalie,Olpin,11/19/2016,kolpin37@apple.com,Male,214.157.242.66
117,Mason,Bolens,1/14/2018,mbolens38@intel.com,Female,58.114.33.43
118,Torie,Midford,5/7/2018,tmidford39@archive.org,Male,89.67.220.167
119,Tibold,Wale,4/9/2013,twale3a@sogou.com,Female,100.15.59.231
120,Kelly,Scarff,5/17/2015,kscarff3b@mediafire.com,Female,197.255.64.66
121,Fawnia,Sorrell,3/13/2007,fsorrell3c@mac.com,Male,25.108.102.116
122,Lura,Neiland,10/20/2017,lneiland3d@usgs.gov,Male,217.65.254.60
123,Kary,Oldford,11/7/2005,koldford3e@twitter.com,Female,42.197.55.232
124,Ludovika,Lorrain,6/11/2021,llorrain3f@macromedia.com,Female,189.1.166.238
125,Cacilia,Ladds,5/5/2006,cladds3g@tripod.com,Female,96.180.178.49
126,Kathe,Capron,7/26/2019,kcapron3h@ucla.edu,Male,111.241.69.239
127,Mellisent,Boyan,4/21/2020,mboyan3i@barnesandnoble.com,Female,134.132.89.154
128,Pamela,Dawidman,10/10/2012,pdawidman3j@wunderground.com,Male,5.192.60.78
129,Mattias,O'Shesnan,3/3/2016,moshesnan3k@wix.com,Female,153.188.194.232
130,Arabela,Kepe,10/15/2004,akepe3l@jalbum.net,Genderqueer,193.158.96.203
131,Adham,Rugiero,12/4/2003,arugiero3m@hatena.ne.jp,Male,94.3.172.106
132,Aundrea,McShea,3/15/2017,amcshea3n@free.fr,Male,163.172.115.186
133,Carlyle,Broy,9/14/2016,cbroy3o@istockphoto.com,Genderqueer,103.231.218.96
134,Stevie,Cartmell,12/6/2017,scartmell3p@samsung.com,Male,163.117.20.163
135,Lelia,Davenall,11/4/2021,ldavenall3q@yale.edu,Female,82.148.34.188
136,Ruthe,Martschik,5/17/2006,rmartschik3r@uol.com.br,Male,166.44.78.157
137,Cornie,Attwood,12/29/2008,cattwood3s@mapquest.com,Polygender,240.48.218.116
138,Gill,Pasfield,3/5/2016,gpasfield3t@google.com.hk,Female,191.60.151.230
139,Nevin,Lortz,2/27/2018,nlortz3u@jiathis.com,Male,38.84.232.28
140,Carr,Leteurtre,3/27/2016,cleteurtre3v@indiatimes.com,Male,175.194.93.235
141,Bevvy,Poytheras,11/3/2003,bpoytheras3w@xing.com,Female,78.107.173.22
142,Elsinore,Clayton,4/1/2001,eclayton3x@privacy.gov.au,Male,6.238.19.69
143,Pippa,Rubinowitch,7/19/2010,prubinowitch3y@umn.edu,Male,153.175.5.249
144,Elisha,Karel,8/6/2019,ekarel3z@gov.uk,Female,10.170.204.115
145,Wynn,Frew,9/22/2006,wfrew40@tiny.cc,Male,23.92.184.108
146,Abbey,Galvan,6/28/2008,agalvan41@zimbio.com,Female,89.133.161.210
147,Georgetta,Condit,4/5/2003,gcondit42@forbes.com,Genderfluid,143.200.54.192
148,Crysta,Roddell,12/29/2002,croddell43@4shared.com,Male,31.20.87.122
149,Cordula,Cordero,1/17/2021,ccordero44@shop-pro.jp,Male,142.89.143.137
150,Elianore,Holliar,10/18/2014,eholliar45@elegantthemes.com,Male,178.125.119.244
151,Marnia,Matiashvili,7/28/2003,mmatiashvili46@toplist.cz,Male,221.231.115.169
152,Brook,Peetermann,9/8/2015,bpeetermann47@wufoo.com,Female,79.92.136.57
153,Kaela,McRannell,10/13/2007,kmcrannell48@icio.us,Female,106.71.181.67
154,Alix,Libbe,3/4/2019,alibbe49@ocn.ne.jp,Male,229.63.241.79
155,Kylen,Isakson,5/27/2008,kisakson4a@washingtonpost.com,Male,218.140.11.221
156,Almeta,Malyj,9/3/2011,amalyj4b@pcworld.com,Male,171.70.199.232
157,Raimund,Kurth,10/8/2008,rkurth4c@ameblo.jp,Bigender,228.43.185.207
158,Vachel,Lanigan,11/24/2013,vlanigan4d@go.com,Female,149.69.239.152
159,Rosalie,Standish,6/27/2004,rstandish4e@imageshack.us,Female,1.104.128.145
160,Jessie,Rape,8/26/2007,jrape4f@narod.ru,Female,6.226.182.162
161,Nappy,Wrefford,7/26/2016,nwrefford4g@forbes.com,Male,16.78.106.114
162,Chas,Pfertner,11/17/2010,cpfertner4h@rediff.com,Male,139.4.241.181
163,Wilmette,Greaterex,3/3/2002,wgreaterex4i@apache.org,Female,229.229.9.103
164,Horst,Petric,9/9/2010,hpetric4j@wsj.com,Male,34.40.161.110
165,Tait,Utridge,2/12/2010,tutridge4k@twitter.com,Male,161.233.41.54
166,Andee,Neath,11/19/2012,aneath4l@virginia.edu,Female,237.103.50.40
167,Penn,Bettison,1/7/2018,pbettison4m@omniture.com,Male,26.10.218.9
168,Roth,Lantiffe,2/23/2017,rlantiffe4n@cbsnews.com,Female,223.237.55.248
169,Beverlee,Errigo,8/13/2012,berrigo4o@latimes.com,Female,32.151.88.62
170,Delcina,Riddles,9/5/2006,driddles4p@microsoft.com,Male,252.147.133.49
171,Wylie,Bines,2/8/2013,wbines4q@sbwire.com,Male,228.242.182.74
172,Meghann,Fielden,6/6/2006,mfielden4r@themeforest.net,Female,16.189.189.52
173,Aldridge,Kew,5/14/2021,akew4s@mapy.cz,Female,37.137.233.76
174,Dov,Colmore,6/14/2010,dcolmore4t@shinystat.com,Female,51.223.144.11
175,Issiah,Kristof,5/20/2015,ikristof4u@columbia.edu,Male,18.136.193.18
176,Addie,Glasson,7/21/2013,aglasson4v@theguardian.com,Genderfluid,213.157.254.222
177,Dyanna,Theobald,2/7/2016,dtheobald4w@constantcontact.com,Female,11.52.0.238
178,Barnie,Treat,7/14/2010,btreat4x@about.com,Male,8.15.112.246
179,Tania,Elwood,3/11/2016,telwood4y@squarespace.com,Male,128.252.176.4
180,Chrotoem,Curee,12/4/2021,ccuree4z@reddit.com,Male,220.226.125.150
181,Robin,Fleming,2/11/2015,rfleming50@163.com,Female,60.255.101.81
182,Andreas,Orford,7/28/2005,aorford51@apache.org,Male,76.58.48.77
183,Lindsay,Wace,6/13/2009,lwace52@taobao.com,Male,68.184.101.212
184,Estrella,Basili,6/10/2010,ebasili53@bing.com,Female,206.77.53.126
185,Derry,Kobke,8/29/2011,dkobke54@cisco.com,Agender,138.70.18.112
15,Drucie,Traynor,8/21/2010,dtraynore@home.pl,Male,189.69.229.246
186,Alice,Olliffe,3/2/2018,aolliffe55@nsw.gov.au,Female,20.215.131.195
15,Drucie,Traynor,8/21/2010,dtraynore@home.pl,Male,189.69.229.246
187,Maire,Axleby,4/16/2006,maxleby56@thetimes.co.uk,Female,7.82.158.28
188,Cindie,Liddiard,4/22/2017,cliddiard57@bigcartel.com,Male,71.208.91.64
189,Faydra,Curneen,7/27/2021,fcurneen58@unicef.org,Female,12.44.103.120
190,Rina,Frostdicke,7/27/2007,rfrostdicke59@google.it,Male,62.249.39.85
191,Claire,Moreman,12/3/2014,cmoreman5a@tamu.edu,Male,70.69.186.33
192,Alano,Reubens,10/24/2008,areubens5b@prweb.com,Polygender,174.73.233.206
193,Derick,Gilbard,6/4/2004,dgilbard5c@unesco.org,Male,118.173.74.181
194,Minetta,Ioselevich,9/14/2010,mioselevich5d@example.com,Male,38.16.118.40
195,Austin,Putman,3/21/2011,aputman5e@telegraph.co.uk,Male,169.16.142.153
196,Christy,MacMenamie,8/2/2011,cmacmenamie5f@ovh.net,Female,82.35.53.146
15,Drucie,Traynor,8/21/2010,dtraynore@home.pl,Male,189.69.229.246
197,Judye,Charlwood,3/17/2003,jcharlwood5g@telegraph.co.uk,Female,23.249.137.213
198,Raf,Nuzzti,6/21/2008,rnuzzti5h@narod.ru,Female,164.16.71.92
199,Vern,Grigoriscu,5/31/2021,vgrigoriscu5i@cnet.com,Male,172.36.147.174
200,Cass,Atterbury,2/27/2011,catterbury5j@moonfruit.com,Male,113.8.247.61
201,Bartlett,Conachy,10/7/2004,bconachy5k@google.pl,Male,223.203.92.60
202,Rhodie,Bovaird,10/22/2003,rbovaird5l@arizona.edu,Male,173.204.107.48
203,Rolland,Maffulli,4/29/2001,rmaffulli5m@seattletimes.com,Male,149.216.13.225
204,Hashim,Leaf,1/4/2020,hleaf5n@nyu.edu,Male,35.166.22.60
205,Roscoe,McLice,11/21/2003,rmclice5o@yandex.ru,Non-binary,31.90.170.153
206,Sibelle,Leverington,12/6/2017,sleverington5p@bluehost.com,Male,154.71.212.176
207,Hamlin,Admans,7/9/2015,hadmans5q@apache.org,Female,175.120.182.155
208,Irvin,Verey,2/9/2008,iverey5r@umich.edu,Female,209.124.30.235
209,Genna,Jandel,1/2/2003,gjandel5s@wunderground.com,Female,69.207.238.48
210,Miguelita,Horbath,3/1/2003,mhorbath5t@blogtalkradio.com,Male,33.66.9.109
211,Amabel,Francesc,8/28/2019,afrancesc5u@sogou.com,Male,100.170.61.95
212,Gerry,Calvert,4/30/2018,gcalvert5v@skype.com,Genderfluid,163.228.40.47
213,Vivianna,Rennebeck,4/17/2004,vrennebeck5w@cargocollective.com,Female,22.16.115.116
214,Alfredo,Beagrie,11/30/2005,abeagrie5x@about.com,Male,43.217.153.122
215,Riki,Peck,11/2/2016,rpeck5y@github.com,Male,203.75.105.53
216,Amitie,Wimpey,1/22/2008,awimpey5z@slate.com,Female,16.153.180.47
217,Ayn,Rappa,11/10/2012,arappa60@altervista.org,Female,43.64.149.14
218,Karmen,Ecclesall,10/29/2003,kecclesall61@newyorker.com,Female,79.121.111.4
219,Orrin,Fittall,4/30/2014,ofittall62@zdnet.com,Female,172.224.165.126
220,Enos,Hedin,3/19/2010,ehedin63@cmu.edu,Female,218.130.89.99
221,Lucine,Fosh,5/20/2018,lfosh64@epa.gov,Polygender,108.245.36.49
222,Rafaellle,Swanton,12/27/2015,rswanton65@google.com.br,Female,227.239.230.193
223,Banky,Leppington,1/19/2018,bleppington66@biblegateway.com,Male,8.2.25.143
224,Paulette,Tackell,1/15/2007,ptackell67@shinystat.com,Female,135.182.151.173
225,Carlina,Sheber,3/14/2003,csheber68@taobao.com,Male,107.145.101.232
226,Chadwick,Glasbey,3/29/2001,cglasbey69@sciencedirect.com,Male,190.59.8.15
227,Shawnee,Dunn,6/26/2019,sdunn6a@rakuten.co.jp,Male,241.94.164.192
228,Benedikta,Jickles,12/23/2001,bjickles6b@senate.gov,Genderqueer,241.226.51.63
229,Olvan,Blaise,9/18/2017,oblaise6c@1688.com,Agender,217.14.127.235
230,Guillemette,Gumbley,8/22/2011,ggumbley6d@goo.ne.jp,Male,83.221.33.122
231,Augustina,Mulliss,10/7/2012,amulliss6e@weather.com,Male,117.105.177.118
232,Jennette,Sobczak,12/11/2010,jsobczak6f@nps.gov,Female,15.228.199.123
233,Mag,Corking,5/23/2016,mcorking6g@buzzfeed.com,Female,195.60.86.185
234,Renato,Tullis,12/12/2008,rtullis6h@amazon.com,Male,246.135.61.21
235,Earvin,Lidgey,3/24/2005,elidgey6i@zdnet.com,Female,2.133.36.23
236,Celisse,Grinston,3/6/2012,cgrinston6j@si.edu,Female,179.76.37.181
237,Mohammed,Naish,12/12/2012,mnaish6k@bluehost.com,Female,105.96.68.163
238,Anatol,Geering,12/16/2011,ageering6l@hatena.ne.jp,Female,176.255.6.39
239,Alonzo,Jansik,9/23/2002,ajansik6m@comcast.net,Male,32.42.247.205
240,Tanner,Duro,12/6/2010,tduro6n@un.org,Male,92.139.240.204
241,Arte,Escritt,5/11/2020,aescritt6o@bandcamp.com,Non-binary,150.221.58.124
242,Kristian,Fullilove,9/21/2006,kfullilove6p@arizona.edu,Female,23.149.35.219
243,Lea,Yurin,2/10/2010,lyurin6q@biglobe.ne.jp,Female,91.42.85.160
244,Yehudit,Di Bernardo,4/3/2004,ydibernardo6r@csmonitor.com,Genderqueer,199.101.208.32
245,Miranda,Rex,7/31/2008,mrex6s@ca.gov,Male,170.78.227.220
246,Fianna,Mustoo,10/19/2004,fmustoo6t@hostgator.com,Female,102.135.221.192
247,Sig,Amaya,11/15/2014,samaya6u@nsw.gov.au,Female,231.5.51.34
248,Riobard,Horbath,3/29/2015,rhorbath6v@huffingtonpost.com,Male,11.95.123.116
249,Lucias,Goldstraw,4/9/2015,lgoldstraw6w@auda.org.au,Male,118.170.183.219
250,Matteo,Esel,11/16/2006,mesel6x@statcounter.com,Male,178.39.191.24
251,Karl,Yare,10/24/2013,kyare6y@auda.org.au,Male,84.4.26.89
252,Carlee,Chittleburgh,11/17/2020,cchittleburgh6z@webmd.com,Female,137.213.2.243
253,Lezlie,McTrustrie,12/27/2003,lmctrustrie70@loc.gov,Male,225.189.126.76
254,Retha,Hardesty,9/26/2006,rhardesty71@imdb.com,Male,234.119.7.59
255,Agathe,Navaro,2/13/2021,anavaro72@360.cn,Male,35.189.236.15
256,Brunhilde,Carwithim,8/1/2013,bcarwithim73@imdb.com,Male,197.210.161.129
257,Danit,Dissman,8/4/2008,ddissman74@sfgate.com,Male,19.230.90.197
258,Hildegarde,Corder,4/28/2020,hcorder75@barnesandnoble.com,Female,85.244.97.25
259,Yetty,Stapleford,10/23/2002,ystapleford76@europa.eu,Male,50.131.232.24
260,Susi,Boomes,11/7/2010,sboomes77@baidu.com,Male,181.59.77.98
261,Saloma,Yven,9/29/2008,syven78@wikispaces.com,Female,129.4.46.132
262,Walliw,Grimsdell,3/17/2010,wgrimsdell79@earthlink.net,Female,19.55.182.41
263,Pris,Awcoate,9/19/2008,pawcoate7a@tuttocitta.it,Female,231.77.84.251
264,Tybi,Playle,2/1/2001,tplayle7b@about.me,Male,179.176.92.164
265,Nadean,Mowson,3/3/2015,nmowson7c@npr.org,Male,230.69.158.174
266,Cyndi,Stiller,8/1/2014,cstiller7d@wikimedia.org,Female,37.109.120.47
267,Sergent,Mault,6/3/2017,smault7e@wunderground.com,Female,201.97.35.234
268,Chandra,Kilday,12/13/2006,ckilday7f@prweb.com,Male,42.192.203.102
269,Gabbie,Earey,7/18/2020,gearey7g@microsoft.com,Male,102.49.76.121
270,Benedicta,Slimmon,11/14/2006,bslimmon7h@discuz.net,Genderqueer,29.87.207.59
271,Kimbell,McGilvary,3/22/2018,kmcgilvary7i@oakley.com,Female,210.202.93.34
272,Silvan,Sartain,9/10/2001,ssartain7j@cam.ac.uk,Male,161.110.206.24
273,Rosalyn,Elt,3/19/2021,relt7k@theguardian.com,Female,213.157.220.60
274,Gav,Saberton,1/1/2012,gsaberton7l@yale.edu,Female,37.6.180.197
275,Charissa,Lugsdin,11/13/2002,clugsdin7m@accuweather.com,Male,25.114.216.138
276,Cathee,McReidy,5/14/2006,cmcreidy7n@msn.com,Male,221.4.2.81
277,Myron,Akerman,9/9/2011,makerman7o@nsw.gov.au,Agender,77.252.22.237
278,Sophey,McCaughey,11/8/2002,smccaughey7p@netvibes.com,Female,207.1.44.57
279,Ashia,Gratten,3/12/2002,agratten7q@goo.gl,Male,232.66.55.64
280,Mady,Pleasants,10/27/2002,mpleasants7r@microsoft.com,Male,178.139.197.57
281,Enid,Alpine,3/30/2013,ealpine7s@utexas.edu,Female,244.56.147.23
282,Feliks,Windless,12/25/2003,fwindless7t@drupal.org,Female,75.83.127.192
283,Diana,Dayer,10/30/2009,ddayer7u@nature.com,Bigender,137.153.255.40
284,Wallis,Cristou,6/18/2015,wcristou7v@ihg.com,Male,1.4.145.213
285,Cliff,Snead,3/9/2003,csnead7w@chron.com,Male,168.66.49.40
286,Olga,Saladino,4/18/2013,osaladino7x@seattletimes.com,Male,161.178.173.254
287,Monroe,Bullivent,1/6/2013,mbullivent7y@home.pl,Polygender,165.217.19.1
288,Randie,Gammell,8/27/2013,rgammell7z@php.net,Female,58.18.106.118
289,Ferris,Loachhead,9/21/2012,floachhead80@t.co,Female,112.181.144.120
290,Nert,Plunkett,5/13/2003,nplunkett81@i2i.jp,Female,181.18.55.218
291,Darb,Lawful,1/30/2021,dlawful82@fastcompany.com,Male,54.152.108.121
292,Raffaello,Palmby,5/30/2015,rpalmby83@pbs.org,Female,170.199.90.73
293,Doralyn,Ashment,9/12/2006,dashment84@msu.edu,Male,74.117.164.230
294,Charla,Weller,9/12/2019,cweller85@illinois.edu,Genderqueer,121.140.40.245
295,Marijo,Knighton,1/25/2013,mknighton86@1und1.de,Male,173.46.66.105
296,Elena,Ronaghan,12/11/2010,eronaghan87@google.co.uk,Female,21.222.70.11
297,Beatrix,Haliburton,7/21/2011,bhaliburton88@phpbb.com,Male,77.157.122.32
298,Ivory,Gilhoolie,4/11/2013,igilhoolie89@over-blog.com,Male,255.247.173.98
299,Rurik,Geaveny,8/25/2005,rgeaveny8a@simplemachines.org,Male,22.249.81.147
300,Reg,Volant,7/12/2008,rvolant8b@sogou.com,Male,237.150.107.184
301,Eberhard,Gummory,5/7/2019,egummory8c@xrea.com,Female,191.73.88.68
302,Iris,Sansbury,10/20/2016,isansbury8d@tumblr.com,Male,22.97.27.49
303,Edithe,Wyllcock,8/27/2020,ewyllcock8e@360.cn,Male,99.16.218.109
304,Liane,Hanbidge,12/7/2012,lhanbidge8f@slideshare.net,Male,20.149.133.68
305,Chad,Horbart,10/9/2010,chorbart8g@aol.com,Non-binary,33.228.180.97
306,Jeddy,Lefwich,6/7/2016,jlefwich8h@salon.com,Male,135.169.227.134
307,Malory,Brea,6/3/2011,mbrea8i@pagesperso-orange.fr,Female,125.196.255.61
308,Marilyn,Wylam,4/4/2021,mwylam8j@techcrunch.com,Male,227.171.44.248
309,Sanford,Banting,5/28/2008,sbanting8k@elpais.com,Female,30.85.235.115
310,Lloyd,Rispin,7/2/2008,lrispin8l@smh.com.au,Female,145.224.39.136
311,Terrell,Shimmings,11/30/2014,tshimmings8m@mozilla.org,Female,73.143.137.82
312,Guglielmo,McCourt,11/20/2004,gmccourt8n@t-online.de,Male,241.29.101.188
313,Shanta,MacNamara,11/23/2015,smacnamara8o@ameblo.jp,Male,248.119.91.107
314,Pris,Mileham,10/3/2007,pmileham8p@i2i.jp,Female,43.96.193.88
315,Chrystel,McLenaghan,11/21/2020,cmclenaghan8q@e-recht24.de,Male,85.153.29.188
316,Jessika,Wolstencroft,10/5/2020,jwolstencroft8r@tiny.cc,Male,7.70.176.85
317,Casie,Corcut,7/20/2008,ccorcut8s@webmd.com,Male,244.116.236.61
318,Leontyne,Walster,12/15/2012,lwalster8t@topsy.com,Female,191.244.54.238
319,Dene,Marlin,9/27/2017,dmarlin8u@shutterfly.com,Female,187.143.194.80
320,Esteban,Povall,8/25/2006,epovall8v@typepad.com,Male,248.12.161.91
321,Tobye,MacCleod,1/17/2021,tmaccleod8w@macromedia.com,Agender,112.251.118.44
322,Bone,Girardey,3/5/2006,bgirardey8x@vimeo.com,Male,54.4.115.0
323,Tisha,Shalcros,5/10/2021,tshalcros8y@seattletimes.com,Female,15.190.32.200
324,Goddard,Licciardiello,10/29/2002,glicciardiello8z@utexas.edu,Male,134.72.67.33
325,Debbi,Sexti,12/25/2019,dsexti90@goo.gl,Female,53.248.138.66
326,Shelby,Pettendrich,6/13/2004,spettendrich91@ezinearticles.com,Female,149.203.105.36
327,Estele,Goering,10/27/2018,egoering92@jalbum.net,Male,88.4.80.155
328,Alfy,Coggins,3/23/2020,acoggins93@cbslocal.com,Female,200.31.24.32
329,Ludovika,Klink,4/5/2002,lklink94@chronoengine.com,Female,245.208.196.155
330,Annmarie,Smart,9/14/2005,asmart95@whitehouse.gov,Female,31.183.36.183
331,Nari,Longthorn,2/18/2011,nlongthorn96@51.la,Female,107.127.166.44
332,Dory,Lightbourn,9/19/2021,dlightbourn97@theglobeandmail.com,Female,240.47.224.165
333,Aaron,Croke,8/1/2003,acroke98@smh.com.au,Male,192.128.50.147
334,Celestyna,Yon,6/19/2009,cyon99@spotify.com,Female,59.245.39.185
335,Roddie,Freyne,1/12/2002,rfreyne9a@infoseek.co.jp,Male,82.163.247.74
336,Martelle,Cliff,1/10/2019,mcliff9b@redcross.org,Female,29.175.238.97
337,Erminie,Baudinot,6/20/2017,ebaudinot9c@networkadvertising.org,Male,47.220.186.72
338,Cyndy,Boow,12/15/2009,cboow9d@wikia.com,Male,126.225.78.98
339,Henriette,Fryd,3/13/2020,hfryd9e@slideshare.net,Non-binary,133.211.221.111
340,Darrick,Mineghelli,5/1/2011,dmineghelli9f@desdev.cn,Male,115.147.190.98
341,Mitchel,Chrystie,8/28/2001,mchrystie9g@cpanel.net,Male,106.166.183.50
342,Mitzi,Whetton,12/26/2006,mwhetton9h@g.co,Male,113.52.206.2
343,Claybourne,Keyhoe,6/5/2003,ckeyhoe9i@blogs.com,Male,246.79.134.55
344,Valeria,Rankling,5/13/2001,vrankling9j@ehow.com,Male,112.202.242.98
345,Clovis,Blinkhorn,7/25/2010,cblinkhorn9k@comsenz.com,Male,25.224.118.64
346,Willette,Tomaino,11/14/2009,wtomaino9l@dmoz.org,Male,28.109.26.110
347,Fredelia,Webben,7/18/2003,fwebben9m@oakley.com,Female,1.167.122.11
348,Hugibert,Enric,7/14/2010,henric9n@google.de,Male,34.151.206.155
349,Irving,Spilsburie,5/9/2020,ispilsburie9o@privacy.gov.au,Female,91.228.113.153
350,Francesca,Hardey,2/5/2020,fhardey9p@sphinn.com,Female,237.13.218.218
351,Moyra,Rippin,7/20/2002,mrippin9q@chronoengine.com,Male,145.113.80.45
352,Blondelle,Howe,4/19/2013,bhowe9r@buzzfeed.com,Female,72.196.80.97
353,Kiele,Crockley,12/2/2021,kcrockley9s@goo.gl,Female,1.178.213.88
354,Ogden,Morando,8/10/2015,omorando9t@phpbb.com,Female,16.225.195.238
355,Adolph,Armor,2/6/2003,aarmor9u@google.ru,Female,45.99.49.146
356,Isak,Dightham,8/30/2005,idightham9v@va.gov,Male,195.205.90.145
357,Freeman,Bleeze,7/6/2001,fbleeze9w@ucla.edu,Male,140.134.202.62
358,Elwyn,Titterton,12/4/2019,etitterton9x@reverbnation.com,Female,193.150.226.131
359,Si,Pedracci,10/28/2004,spedracci9y@geocities.jp,Female,157.151.177.100
360,Rebekkah,MacNelly,6/14/2018,rmacnelly9z@cargocollective.com,Male,139.135.93.120
361,Rachael,Lyte,2/15/2009,rlytea0@surveymonkey.com,Male,20.47.210.240
362,Petr,Stedall,5/14/2014,pstedalla1@europa.eu,Female,85.185.1.129
363,Taddeusz,Danilin,4/11/2010,tdanilina2@goo.gl,Polygender,25.67.216.225
364,Cacilia,Pinckney,10/3/2006,cpinckneya3@usgs.gov,Male,149.89.102.135
365,Joe,Rozycki,5/21/2018,jrozyckia4@google.it,Female,90.166.170.87
366,Armin,Gadd,5/7/2006,agadda5@amazon.co.jp,Male,219.130.213.210
367,Camilla,Garvagh,3/15/2018,cgarvagha6@51.la,Female,115.119.94.134
368,Kynthia,Duigan,8/5/2011,kduigana7@berkeley.edu,Male,95.40.194.58
369,Sharona,Wright,10/16/2010,swrighta8@ezinearticles.com,Female,40.53.35.39
370,Levy,Stutte,8/28/2012,lstuttea9@uol.com.br,Genderqueer,59.171.201.78
371,Inna,Gregore,10/31/2019,igregoreaa@cbc.ca,Male,205.102.2.187
372,Wilbur,Blackadder,10/24/2008,wblackadderab@jugem.jp,Female,209.171.99.6
373,Oralie,Haithwaite,12/30/2008,ohaithwaiteac@51.la,Agender,190.242.72.1
374,Garrick,Skullet,6/3/2009,gskulletad@shop-pro.jp,Male,114.163.135.170
375,Kiele,Tower,9/9/2015,ktowerae@histats.com,Male,11.181.100.130
376,Kirstin,Garbott,2/2/2014,kgarbottaf@examiner.com,Genderfluid,37.167.42.193
377,Rhianon,Tench,7/31/2008,rtenchag@skyrock.com,Female,6.214.166.200
378,Tatiana,Blowfelde,6/11/2011,tblowfeldeah@i2i.jp,Male,80.143.81.37
379,Westley,Geator,1/9/2008,wgeatorai@nyu.edu,Female,249.219.156.117
380,Sabine,Crame,3/1/2009,scrameaj@merriam-webster.com,Genderqueer,89.51.198.97
381,Normy,Benkhe,9/11/2015,nbenkheak@sohu.com,Female,244.85.152.172
382,Kimbell,Duigan,1/24/2016,kduiganal@accuweather.com,Female,2.178.141.14
383,Ynes,Whacket,5/21/2005,ywhacketam@senate.gov,Male,88.7.216.190
384,Odille,Mackney,8/31/2017,omackneyan@nydailynews.com,Male,32.115.130.183
385,Delmar,Priestner,10/15/2010,dpriestnerao@toplist.cz,Female,247.54.119.154
386,Ilse,MacGlory,6/22/2015,imacgloryap@yellowpages.com,Genderqueer,74.153.172.213
387,Ianthe,Hauxley,8/5/2003,ihauxleyaq@dagondesign.com,Male,45.153.71.64
388,Fee,Fireman,4/4/2015,ffiremanar@studiopress.com,Female,229.110.32.14
389,Caye,Gilley,12/2/2008,cgilleyas@yahoo.co.jp,Male,151.135.45.199
390,Vicky,Gear,7/4/2009,vgearat@tiny.cc,Female,180.61.179.5
391,Margaret,Glusby,3/31/2021,mglusbyau@seattletimes.com,Male,176.38.186.232
392,Nonah,Davys,11/21/2001,ndavysav@msn.com,Female,171.48.17.88
393,El,Tonn,9/16/2003,etonnaw@wikimedia.org,Female,253.188.103.119
394,Ann,Tomik,5/9/2001,atomikax@moonfruit.com,Male,94.17.203.27
395,Ronny,Furzer,1/5/2014,rfurzeray@sun.com,Male,178.91.218.72
396,Eduino,Rowlson,5/21/2004,erowlsonaz@xinhuanet.com,Male,10.126.19.3
397,Grier,Jereatt,1/25/2007,gjereattb0@soundcloud.com,Female,146.0.244.35
398,Huberto,Oppery,6/29/2017,hopperyb1@intel.com,Male,148.175.39.108
399,Athene,Leades,12/5/2002,aleadesb2@hhs.gov,Male,251.177.154.92
400,Carleen,Ballam,6/3/2004,cballamb3@wsj.com,Female,222.45.111.33
401,Gram,Mussard,7/1/2007,gmussardb4@smugmug.com,Female,162.53.10.175
402,Marsha,Ockendon,2/10/2003,mockendonb5@google.com.au,Male,33.222.227.205
403,Damian,Hambribe,10/15/2008,dhambribeb6@seesaa.net,Agender,232.2.28.204
404,Janey,Warlow,8/17/2004,jwarlowb7@dagondesign.com,Male,157.234.209.164
405,Rosaleen,Guilloneau,2/28/2009,rguilloneaub8@sogou.com,Female,16.97.13.78
406,Maritsa,Laux,10/12/2005,mlauxb9@free.fr,Male,134.104.6.235
407,Leeland,Ranaghan,2/11/2009,lranaghanba@buzzfeed.com,Female,141.201.195.129
408,Hayes,Tadman,10/26/2015,htadmanbb@com.com,Agender,32.61.29.114
409,Leila,Klemps,12/14/2016,lklempsbc@yelp.com,Female,194.136.102.32
410,Rosanna,MacElane,10/8/2018,rmacelanebd@ehow.com,Male,239.79.5.194
411,Yvette,Pilsworth,3/28/2008,ypilsworthbe@wordpress.com,Female,171.41.91.191
412,Stanton,Noton,4/9/2005,snotonbf@guardian.co.uk,Male,179.207.199.70
413,Igor,Cornewell,3/30/2018,icornewellbg@tiny.cc,Female,164.20.74.78
414,Brittney,Daymont,6/15/2005,bdaymontbh@scientificamerican.com,Male,176.198.153.206
415,Sally,Jury,1/12/2009,sjurybi@si.edu,Male,116.152.45.228
416,Berny,Crackett,7/27/2010,bcrackettbj@aboutads.info,Female,93.190.83.179
417,Sandy,Maling,1/15/2006,smalingbk@reference.com,Female,42.198.2.45
418,Susanetta,Mosen,7/17/2018,smosenbl@fastcompany.com,Female,164.232.62.181
419,Marthe,Berndtsson,6/17/2001,mberndtssonbm@wix.com,Polygender,62.45.118.113
420,Nina,Lantaff,12/29/2021,nlantaffbn@posterous.com,Polygender,231.156.143.84
421,Chet,Pifford,4/22/2003,cpiffordbo@spotify.com,Bigender,193.149.92.37
422,Kenn,Goss,6/10/2001,kgossbp@ehow.com,Female,145.57.117.22
423,Windy,Korbmaker,9/11/2021,wkorbmakerbq@bravesites.com,Female,100.234.237.236
424,Mateo,Lowbridge,8/29/2005,mlowbridgebr@google.nl,Female,200.180.110.63
425,Maia,Backler,12/21/2004,mbacklerbs@ucla.edu,Female,40.121.137.13
426,Wini,Burges,3/19/2002,wburgesbt@netscape.com,Male,54.210.102.139
427,Martyn,Iddenden,6/5/2006,middendenbu@cornell.edu,Male,9.200.189.42
428,Michelina,Thurman,2/10/2008,mthurmanbv@mediafire.com,Genderfluid,207.253.35.223
429,Darleen,Mottley,2/19/2005,dmottleybw@census.gov,Polygender,127.43.64.197
430,Bernie,Cressor,9/7/2002,bcressorbx@over-blog.com,Male,255.177.1.152
431,Steven,Shane,5/29/2018,sshaneby@usatoday.com,Male,106.93.246.146
432,Patrice,Quigley,12/20/2016,pquigleybz@sina.com.cn,Genderfluid,33.23.91.156
433,Dena,Ratter,3/1/2013,dratterc0@hud.gov,Male,70.143.235.222
434,Mamie,Margetson,5/15/2018,mmargetsonc1@godaddy.com,Female,234.112.106.141
435,Gilli,Headech,10/14/2002,gheadechc2@ftc.gov,Female,250.111.92.209
436,Ami,Ackerman,11/26/2009,aackermanc3@yale.edu,Female,241.28.30.48
437,Glenden,Duffil,9/17/2002,gduffilc4@opensource.org,Female,184.200.230.56
438,Sarajane,Jenkyn,6/22/2015,sjenkync5@independent.co.uk,Male,3.245.63.152
439,Nathalia,Mion,10/28/2016,nmionc6@bbc.co.uk,Female,232.94.50.134
440,Roland,Eagland,8/3/2019,reaglandc7@tripadvisor.com,Male,22.129.104.99
441,Ariadne,Leneve,5/3/2014,alenevec8@ucla.edu,Male,159.21.122.71
442,Emylee,Tarte,3/14/2005,etartec9@latimes.com,Male,199.182.105.69
443,Fay,Klink,6/2/2007,fklinkca@elegantthemes.com,Female,151.179.130.56
444,Tomlin,Pizzie,9/10/2004,tpizziecb@ox.ac.uk,Female,228.148.165.21
15,Drucie,Traynor,8/21/2010,dtraynore@home.pl,Male,189.69.229.246
445,Margaux,Giorgi,6/14/2001,mgiorgicc@xing.com,Male,145.111.49.131
446,Gilbert,Rolfi,4/30/2020,grolficd@shinystat.com,Male,171.242.5.136
447,Lionello,Twinborne,9/29/2011,ltwinbornece@pbs.org,Agender,37.152.90.153
448,Linoel,Vlasov,10/28/2019,lvlasovcf@is.gd,Female,213.128.123.45
449,Laura,Poure,5/20/2014,lpourecg@typepad.com,Male,17.103.74.166
450,Harrison,Fenwick,8/28/2002,hfenwickch@mit.edu,Female,180.177.203.100
451,Lizbeth,Goney,1/6/2003,lgoneyci@usgs.gov,Female,231.142.176.123
452,Florencia,Roggerone,5/17/2001,froggeronecj@usa.gov,Male,39.173.113.9
453,Elaina,Baldrick,8/25/2017,ebaldrickck@bravesites.com,Male,238.25.145.173
454,Elvina,Regglar,2/15/2012,eregglarcl@webnode.com,Male,84.0.106.254
455,Juline,Worsfield,12/7/2017,jworsfieldcm@pinterest.com,Female,2.196.186.6
456,Baxie,Edwardson,12/1/2012,bedwardsoncn@nps.gov,Female,158.111.236.130
457,Esther,Hurle,7/13/2011,ehurleco@wunderground.com,Female,25.233.37.127
458,Sarita,Wilbud,5/30/2014,swilbudcp@businessinsider.com,Female,177.162.114.234
459,Belle,Longfoot,11/1/2001,blongfootcq@behance.net,Male,250.243.95.7
460,Harley,Crosland,11/1/2003,hcroslandcr@php.net,Male,52.155.0.146
461,Waring,Donwell,6/9/2020,wdonwellcs@whitehouse.gov,Male,38.212.108.56
462,Yard,Eynald,11/19/2009,yeynaldct@paypal.com,Male,81.84.157.247
463,Hinda,Hunday,1/28/2003,hhundaycu@archive.org,Male,39.235.242.60
464,Falkner,Meys,9/6/2011,fmeyscv@google.fr,Female,62.111.100.120
465,Elysee,Van den Hof,10/25/2018,evandenhofcw@quantcast.com,Female,163.24.103.252
466,Suzann,Juanico,2/25/2021,sjuanicocx@tinypic.com,Female,51.169.253.165
467,Mureil,Headon,3/20/2003,mheadoncy@miitbeian.gov.cn,Male,251.179.85.243
468,Donal,Petrolli,11/29/2002,dpetrollicz@webeden.co.uk,Male,180.64.1.236
469,Pembroke,Fishbourn,10/13/2011,pfishbournd0@oaic.gov.au,Male,184.204.47.163
470,Elvin,Aisthorpe,2/24/2007,eaisthorped1@indiegogo.com,Male,62.191.205.167
471,Kristofor,McCoy,7/27/2011,kmccoyd2@flavors.me,Female,147.23.3.218
472,Ginnie,Biggerdike,12/4/2004,gbiggerdiked3@livejournal.com,Female,11.246.152.254
473,Manya,Rake,11/24/2003,mraked4@who.int,Male,168.96.51.188
474,Danella,Cristol,1/6/2019,dcristold5@delicious.com,Female,28.9.221.248
475,Casi,Schukraft,7/21/2020,cschukraftd6@google.pl,Female,213.251.203.234
476,Rianon,de Keep,1/16/2020,rdekeepd7@slate.com,Female,54.81.231.147
477,Nell,Wisbey,7/20/2014,nwisbeyd8@cbc.ca,Male,16.49.169.132
478,Cordie,Yaakov,7/11/2009,cyaakovd9@acquirethisname.com,Male,217.210.135.164
479,Quintina,Fouracre,4/17/2017,qfouracreda@stanford.edu,Female,193.132.134.235
480,Olivie,Chatelet,2/20/2016,ochateletdb@bloomberg.com,Female,53.24.134.46
481,Peria,McQuilty,11/22/2003,pmcquiltydc@archive.org,Male,248.14.192.91
482,Dallas,Stryde,7/28/2019,dstrydedd@mozilla.org,Agender,98.218.84.213
483,Adam,Donett,11/12/2009,adonettde@digg.com,Female,59.66.246.250
484,Sampson,Schermick,9/25/2011,sschermickdf@technorati.com,Female,30.35.188.177
485,Leonanie,Gandrich,6/1/2014,lgandrichdg@guardian.co.uk,Male,75.223.192.157
486,Rowen,Olliff,3/4/2017,rolliffdh@simplemachines.org,Female,80.235.28.136
487,Kellie,Dorrington,7/8/2005,kdorringtondi@hibu.com,Male,165.248.106.196
488,Austine,Kempson,10/13/2003,akempsondj@gnu.org,Genderfluid,32.14.129.102
424,Mateo,Lowbridge,8/29/2005,mlowbridgebr@google.nl,Female,200.180.110.63
489,Curr,Heller,12/25/2003,chellerdk@yahoo.co.jp,Male,236.7.41.99
424,Mateo,Lowbridge,8/29/2005,mlowbridgebr@google.nl,Female,200.180.110.63
490,Josie,Lownsbrough,9/1/2007,jlownsbroughdl@usatoday.com,Female,141.123.57.248
491,Keelby,Faughey,5/14/2016,kfaugheydm@dedecms.com,Female,165.224.77.174
492,Bran,Quillinane,3/11/2006,bquillinanedn@nhs.uk,Male,62.45.198.236
493,Julian,Joe,4/26/2019,jjoedo@bloglines.com,Female,201.202.121.123
494,Vanna,Kesper,2/19/2014,vkesperdp@dedecms.com,Male,192.254.110.194
495,Marleah,Stampfer,1/22/2005,mstampferdq@blogs.com,Male,200.103.74.221
496,Janaya,Klimochkin,11/7/2001,jklimochkindr@google.fr,Female,96.228.191.225
497,Nikola,Fleckno,7/8/2002,nflecknods@ow.ly,Male,122.199.253.163
498,Nadiya,Gieves,5/30/2012,ngievesdt@cam.ac.uk,Bigender,253.94.179.124
499,Tammy,McDonell,5/23/2016,tmcdonelldu@imdb.com,Female,138.223.213.192
500,Sherline,Lievesley,4/19/2012,slievesleydv@cyberchimps.com,Female,44.79.133.145
501,Catherina,Fagg,1/20/2020,cfaggdw@simplemachines.org,Bigender,141.127.72.14
502,Juieta,Rowthorne,2/28/2016,jrowthornedx@lulu.com,Female,45.45.110.97
503,Dulci,Pierton,4/13/2006,dpiertondy@jimdo.com,Male,201.44.150.120
504,Hynda,Ottewill,8/21/2009,hottewilldz@prweb.com,Female,129.177.138.24
505,Riva,Verbruggen,6/29/2009,rverbruggene0@tripadvisor.com,Female,195.229.226.176
506,Bartholomeo,Dennison,10/21/2018,bdennisone1@hugedomains.com,Male,210.186.241.250
507,Sheri,Upcraft,8/24/2021,supcrafte2@webeden.co.uk,Female,131.8.75.21
508,Mose,Chin,8/2/2003,mchine3@prweb.com,Male,52.179.22.86
509,Bren,Owain,6/2/2016,bowaine4@answers.com,Male,12.133.184.14
424,Mateo,Lowbridge,8/29/2005,mlowbridgebr@google.nl,Female,200.180.110.63
510,Wilbert,Switsur,10/29/2003,wswitsure5@sfgate.com,Female,91.198.32.237
511,Marla,Core,8/7/2005,mcoree6@bluehost.com,Female,141.22.40.76
512,Kathie,Pichmann,6/20/2006,kpichmanne7@w3.org,Female,203.237.115.100
513,Obidiah,Headings,5/13/2001,oheadingse8@unicef.org,Polygender,210.79.232.244
514,Harley,Digg,8/13/2020,hdigge9@gmpg.org,Female,224.85.62.157
515,Clio,Slater,5/12/2020,cslaterea@cnn.com,Male,46.133.237.152
516,Adolf,Tolworthie,11/8/2015,atolworthieeb@zimbio.com,Polygender,105.205.150.220
517,Cheri,Keuning,11/27/2020,ckeuningec@mashable.com,Female,125.5.10.127
518,Pearle,Burnyeat,1/30/2006,pburnyeated@paginegialle.it,Polygender,121.31.240.113
519,Gonzalo,Benardet,5/20/2004,gbenardetee@ameblo.jp,Female,94.218.166.231
520,Edgard,Sneller,12/9/2011,esnelleref@latimes.com,Female,117.251.108.26
521,Tulley,Douche,3/2/2014,tdoucheeg@japanpost.jp,Bigender,39.135.70.49
522,Misty,Pandey,4/15/2020,mpandeyeh@umich.edu,Male,129.190.34.188
523,Tanhya,Hill,6/23/2020,thillei@digg.com,Female,139.195.130.169
524,Coleman,Llywarch,3/31/2013,cllywarchej@un.org,Male,5.61.225.75
525,Dare,Risborough,3/23/2007,drisboroughek@blogspot.com,Female,211.26.240.206
526,Arte,Sabin,7/3/2017,asabinel@de.vu,Male,34.210.208.39
527,Beitris,Ikin,7/23/2009,bikinem@berkeley.edu,Male,177.5.226.66
528,Paola,Praundlin,3/21/2001,ppraundlinen@aboutads.info,Male,109.168.56.232
529,Wendall,Puckrin,4/22/2021,wpuckrineo@infoseek.co.jp,Female,116.235.143.205
530,Pall,Easterby,7/7/2019,peasterbyep@csmonitor.com,Female,59.190.95.208
531,Kirbie,Minette,8/29/2002,kminetteeq@theatlantic.com,Female,195.147.63.195
532,Minne,McCumesky,10/20/2017,mmccumeskyer@scientificamerican.com,Polygender,157.147.113.144
533,Minette,MacNeill,12/23/2020,mmacneilles@example.com,Polygender,137.57.140.136
534,Gratiana,Bulcock,12/25/2019,gbulcocket@ftc.gov,Genderqueer,64.118.20.246
535,Laurence,Titterton,11/20/2016,ltittertoneu@ycombinator.com,Female,38.104.190.11
536,Fernandina,Falco,1/9/2005,ffalcoev@cdc.gov,Genderqueer,83.196.150.22
537,Tobiah,Lathwell,9/26/2016,tlathwellew@sina.com.cn,Male,133.200.143.95
538,Swen,Cheel,9/26/2017,scheelex@archive.org,Female,178.173.117.225
539,Richy,Challice,10/17/2006,rchalliceey@taobao.com,Female,112.137.166.166
540,Frederik,Vanyutin,8/8/2004,fvanyutinez@webnode.com,Male,242.223.154.172
541,Cobb,Jessop,10/4/2002,cjessopf0@weebly.com,Genderqueer,140.79.121.49
542,Dehlia,Daviddi,2/26/2005,ddaviddif1@liveinternet.ru,Female,229.238.76.53
543,Hamnet,Parkyn,4/24/2021,hparkynf2@cloudflare.com,Female,24.183.43.105
544,Chiarra,Sinisbury,1/8/2017,csinisburyf3@com.com,Male,85.118.169.161
545,Hamlin,Sedman,9/16/2011,hsedmanf4@gravatar.com,Male,12.44.28.128
546,Roxi,Aggiss,12/27/2015,raggissf5@eventbrite.com,Female,108.67.171.147
547,Ernesta,Miettinen,7/16/2007,emiettinenf6@virginia.edu,Male,3.99.74.27
548,Philippine,Trusse,7/2/2021,ptrussef7@liveinternet.ru,Female,242.149.14.59
549,Siffre,Cosbey,6/11/2018,scosbeyf8@wikispaces.com,Polygender,49.150.222.8
550,Merrill,Hyder,8/6/2001,mhyderf9@facebook.com,Female,3.125.105.144
551,Cheslie,Quarlis,5/23/2014,cquarlisfa@blogger.com,Female,192.134.81.252
552,Paulette,Issitt,8/17/2002,pissittfb@toplist.cz,Male,81.65.209.128
553,Beth,Hanlon,2/28/2019,bhanlonfc@stanford.edu,Male,29.88.78.221
554,Prisca,Shemilt,6/9/2020,pshemiltfd@adobe.com,Female,239.161.79.96
555,Thibaud,Rothchild,10/18/2003,trothchildfe@cnbc.com,Female,143.111.9.88
556,Elyssa,Powlesland,1/6/2021,epowleslandff@home.pl,Female,96.217.63.5
557,Emanuele,Caso,5/29/2005,ecasofg@sciencedaily.com,Female,168.149.196.110
558,Libbi,Fiddyment,3/9/2006,lfiddymentfh@washington.edu,Female,109.17.161.88
559,Osborne,Holton,3/2/2003,oholtonfi@ucsd.edu,Female,22.156.118.140
560,Bobbye,Rittmeier,4/21/2007,brittmeierfj@cpanel.net,Male,42.255.160.196
561,Nerita,Kenneford,1/9/2012,nkennefordfk@psu.edu,Female,21.229.68.18
752,Tersina,Forbes,1/31/2003,tforbeskv@berkeley.edu,Male,159.229.49.159
562,Sholom,Dearnaly,4/1/2002,sdearnalyfl@google.co.uk,Male,65.46.169.33
563,Fran,Duffer,12/11/2021,fdufferfm@imgur.com,Female,165.199.15.195
564,Adrian,Speaks,1/8/2020,aspeaksfn@si.edu,Female,162.133.155.134
565,Sherman,Naulty,7/2/2011,snaultyfo@moonfruit.com,Genderqueer,20.133.210.30
566,Cristie,Eble,1/12/2005,ceblefp@ft.com,Female,91.86.23.242
567,Samson,Auston,12/26/2011,saustonfq@hc360.com,Male,118.114.135.51
568,Ewell,Martinek,3/15/2020,emartinekfr@ycombinator.com,Genderqueer,135.157.69.110
569,Averill,Jephcott,1/19/2014,ajephcottfs@typepad.com,Male,188.88.186.161
570,Ryley,Pryer,9/15/2003,rpryerft@cargocollective.com,Female,241.131.150.189
571,Grannie,Whickman,10/28/2012,gwhickmanfu@chronoengine.com,Female,125.140.135.50
752,Tersina,Forbes,1/31/2003,tforbeskv@berkeley.edu,Male,159.229.49.159
572,Violante,Semmens,11/11/2011,vsemmensfv@bigcartel.com,Female,133.169.36.225
573,Mellicent,Reijmers,4/2/2007,mreijmersfw@paginegialle.it,Bigender,20.20.139.58
574,Alta,Muckleston,8/15/2015,amucklestonfx@google.co.uk,Male,8.100.128.209
575,Thayne,Desborough,12/15/2007,tdesboroughfy@cafepress.com,Female,126.255.141.156
576,Chet,Alanbrooke,8/16/2015,calanbrookefz@admin.ch,Female,176.201.18.196
577,Ninetta,Acarson,10/31/2015,nacarsong0@berkeley.edu,Female,240.180.254.238
578,Agnes,Gorke,6/5/2017,agorkeg1@ow.ly,Female,225.54.165.15
579,Adlai,Olliar,11/16/2020,aolliarg2@foxnews.com,Female,182.58.111.138
580,Sayre,Salasar,11/3/2020,ssalasarg3@blogspot.com,Male,59.174.214.245
581,Fernanda,Burdge,5/23/2009,fburdgeg4@slashdot.org,Male,78.210.224.186
582,Tate,Crittal,12/31/2009,tcrittalg5@ow.ly,Agender,222.3.177.58
583,Lyndy,McNaughton,6/22/2007,lmcnaughtong6@cyberchimps.com,Female,218.122.61.159
584,Rafa,Ridgewell,4/17/2014,rridgewellg7@unicef.org,Female,203.5.46.253
585,Kippie,Ottee,2/15/2003,kotteeg8@csmonitor.com,Male,108.238.20.151
586,Emanuele,Mayou,7/15/2008,emayoug9@unblog.fr,Male,247.32.127.152
587,Vin,Gaymer,3/13/2014,vgaymerga@behance.net,Male,163.132.10.145
588,Correna,Petford,12/7/2006,cpetfordgb@gravatar.com,Male,2.184.141.145
589,Saba,Rawcliff,3/2/2019,srawcliffgc@ft.com,Female,180.103.225.98
590,Svend,Cadney,3/30/2009,scadneygd@constantcontact.com,Male,14.224.96.176
591,Neely,McAne,8/28/2011,nmcanege@theguardian.com,Male,131.106.165.129
592,Max,Petley,8/15/2017,mpetleygf@godaddy.com,Genderfluid,118.142.133.107
593,Grantham,Jopson,2/23/2012,gjopsongg@yale.edu,Female,188.153.94.25
594,Jereme,Rickhuss,4/12/2017,jrickhussgh@yelp.com,Agender,217.220.59.199
595,Ardelis,Tuddenham,9/25/2010,atuddenhamgi@cpanel.net,Female,186.21.59.141
596,Krispin,Vellacott,9/8/2007,kvellacottgj@ca.gov,Female,238.153.60.24
597,Willey,Brimilcome,8/2/2018,wbrimilcomegk@bbb.org,Non-binary,226.171.7.147
598,Abbe,Alu,10/16/2012,aalugl@freewebs.com,Female,176.83.113.5
599,Tedda,Hammerberger,9/4/2010,thammerbergergm@sitemeter.com,Polygender,192.9.84.155
600,Rudolf,Maseres,2/25/2012,rmaseresgn@toplist.cz,Male,231.255.187.57
601,Earlie,Dickins,8/11/2001,edickinsgo@sohu.com,Male,213.54.148.89
602,Caresse,Burbudge,8/15/2002,cburbudgegp@hubpages.com,Female,51.227.37.140
603,Yorgos,Ferber,7/17/2005,yferbergq@1und1.de,Male,250.93.227.149
604,Colas,Moggie,9/26/2008,cmoggiegr@nifty.com,Female,71.15.213.11
605,Gearard,Dorrian,9/7/2009,gdorriangs@intel.com,Male,177.169.53.235
606,Laure,Renad,2/26/2005,lrenadgt@a8.net,Female,49.243.49.84
607,Elisabet,Eliez,3/26/2018,eeliezgu@icq.com,Female,149.85.84.11
608,Halsey,Slemmonds,6/12/2008,hslemmondsgv@stanford.edu,Female,171.158.220.111
609,Ricki,Ravenshear,5/18/2005,rravensheargw@rambler.ru,Female,183.127.16.112
610,Jarrid,Sunderland,2/7/2013,jsunderlandgx@behance.net,Polygender,223.177.206.97
611,Bennie,Slobom,3/16/2008,bslobomgy@ocn.ne.jp,Male,202.175.201.179
612,Milt,Mabbe,10/14/2010,mmabbegz@princeton.edu,Male,12.60.78.128
613,Gradeigh,Halworth,6/22/2008,ghalworthh0@utexas.edu,Male,247.10.243.169
614,Winny,Preuvost,10/26/2002,wpreuvosth1@delicious.com,Female,135.122.14.234
615,Gretel,Figurski,4/28/2003,gfigurskih2@europa.eu,Male,148.29.4.212
616,Benoit,D'Aubney,3/23/2005,bdaubneyh3@networkadvertising.org,Bigender,193.216.185.100
617,Evonne,Playden,1/27/2001,eplaydenh4@si.edu,Female,17.187.211.92
618,Una,Anfosso,10/10/2018,uanfossoh5@ezinearticles.com,Male,92.30.143.166
619,Timoteo,Jelks,8/12/2001,tjelksh6@prlog.org,Male,245.156.201.186
620,Barron,Grote,7/25/2020,bgroteh7@zdnet.com,Female,242.12.155.246
621,Davy,Preston,4/9/2010,dprestonh8@who.int,Female,55.90.133.8
622,Kania,McBoyle,6/17/2018,kmcboyleh9@cnbc.com,Male,127.109.17.40
623,Simona,Corriea,5/3/2019,scorrieaha@washington.edu,Female,125.56.231.149
624,Evania,Neild,3/23/2015,eneildhb@reverbnation.com,Male,161.112.100.227
625,Kirk,Danhel,1/1/2018,kdanhelhc@elegantthemes.com,Male,63.125.161.87
626,Sherri,Haye,1/16/2005,shayehd@webmd.com,Female,85.7.122.220
627,Bambi,Pedican,9/11/2008,bpedicanhe@bravesites.com,Male,23.83.193.230
628,Vilma,Brunnen,3/19/2002,vbrunnenhf@reverbnation.com,Male,142.94.27.152
629,Dyanna,Kelemen,5/14/2013,dkelemenhg@seesaa.net,Male,156.77.177.255
630,Ravi,Mulkerrins,3/6/2013,rmulkerrinshh@trellian.com,Male,107.11.75.189
631,Teirtza,Kiraly,5/10/2018,tkiralyhi@indiegogo.com,Male,36.64.139.88
632,Lay,Rizzardo,2/24/2001,lrizzardohj@drupal.org,Male,115.208.237.116
633,Fergus,Hardi,9/14/2011,fhardihk@slate.com,Male,188.215.245.206
634,Karrie,Coppens,3/9/2009,kcoppenshl@marketwatch.com,Female,227.195.204.141
635,Koralle,Moorman,10/21/2008,kmoormanhm@studiopress.com,Male,171.36.98.95
636,Cynthy,Kencott,7/29/2015,ckencotthn@macromedia.com,Female,66.101.250.124
637,Danell,Brosch,5/13/2002,dbroschho@technorati.com,Female,120.238.33.213
638,Perla,Cuschieri,8/20/2017,pcuschierihp@nhs.uk,Female,61.203.140.121
639,Nancy,Capstick,10/24/2001,ncapstickhq@google.nl,Female,103.84.213.16
640,Hildegaard,Hills,6/14/2020,hhillshr@loc.gov,Male,79.122.98.97
641,Tabbie,Handforth,6/20/2018,thandforthhs@sphinn.com,Female,154.2.63.123
642,Albertine,Thomelin,12/15/2004,athomelinht@weather.com,Male,86.135.29.25
643,Wood,Ambrogiotti,2/26/2020,wambrogiottihu@springer.com,Genderfluid,89.39.75.37
644,Daile,Shakesbye,9/13/2001,dshakesbyehv@hc360.com,Female,40.113.241.195
645,Sibyl,Greenall,7/30/2001,sgreenallhw@va.gov,Male,44.255.217.193
646,Kass,Kendle,7/8/2018,kkendlehx@zimbio.com,Female,108.194.139.114
647,Consuela,Harrismith,9/4/2009,charrismithhy@pcworld.com,Male,246.116.201.155
648,Dudley,Ramsbotham,9/22/2002,dramsbothamhz@weebly.com,Female,101.172.105.66
649,Clem,Reece,6/12/2017,creecei0@unblog.fr,Female,102.82.165.238
650,Glyn,Aupol,10/7/2020,gaupoli1@myspace.com,Male,171.223.231.93
651,Fulton,Conroy,5/22/2007,fconroyi2@xrea.com,Female,236.35.172.209
652,Lonnard,Kembry,11/27/2018,lkembryi3@macromedia.com,Female,143.143.182.59
653,Kalina,Wenn,3/9/2012,kwenni4@phoca.cz,Male,240.215.71.76
654,Justinian,Gateshill,9/15/2018,jgateshilli5@free.fr,Female,187.254.169.245
655,Flore,Falcus,8/6/2016,ffalcusi6@va.gov,Female,137.10.175.190
656,Kristoforo,Forder,10/27/2016,kforderi7@gravatar.com,Female,243.110.185.124
657,Casie,Delucia,5/1/2009,cdeluciai8@msn.com,Male,98.115.26.160
658,Porter,Dackombe,11/16/2008,pdackombei9@issuu.com,Male,23.43.23.148
659,Aprilette,Antwis,8/5/2014,aantwisia@g.co,Agender,202.237.120.123
660,Wenonah,Upex,4/27/2005,wupexib@exblog.jp,Male,98.209.120.192
661,Montgomery,Causley,3/2/2008,mcausleyic@naver.com,Female,250.244.106.124
662,Rossy,Allatt,3/16/2004,rallattid@umich.edu,Male,49.163.27.8
663,Kimball,Jeste,3/18/2002,kjesteie@msn.com,Female,238.59.52.140
664,Hughie,Bumpas,4/19/2012,hbumpasif@tiny.cc,Bigender,91.156.87.131
665,Dillie,Redgrove,5/15/2021,dredgroveig@hubpages.com,Male,115.104.103.245
666,Veriee,Begbie,8/10/2012,vbegbieih@bing.com,Male,196.225.151.216
667,Annalise,Crellin,1/19/2013,acrellinii@wired.com,Polygender,225.75.103.236
668,Humfried,Glasson,1/23/2021,hglassonij@nydailynews.com,Female,27.223.231.93
669,Joyous,Dohr,8/21/2017,jdohrik@hc360.com,Male,53.31.117.174
670,Berthe,Rainbow,8/31/2020,brainbowil@upenn.edu,Female,52.12.45.48
671,Benjy,Spybey,4/17/2015,bspybeyim@csmonitor.com,Polygender,90.0.90.227
672,Othelia,Pentland,4/10/2006,opentlandin@theguardian.com,Female,102.157.235.242
673,Annalee,Wither,2/7/2002,awitherio@4shared.com,Male,231.248.144.150
674,Garrott,Heyworth,6/20/2020,gheyworthip@webs.com,Female,214.51.117.39
675,Claudina,Kilmartin,1/16/2009,ckilmartiniq@reference.com,Genderqueer,175.246.125.236
676,Land,Ramelot,6/3/2010,lramelotir@auda.org.au,Male,214.103.6.38
677,Nonie,Westcot,11/3/2012,nwestcotis@photobucket.com,Agender,77.149.111.235
678,Bibbye,Cockburn,2/6/2007,bcockburnit@blog.com,Male,219.241.189.251
679,Darbee,Amberg,6/30/2010,dambergiu@jiathis.com,Female,12.169.22.100
680,Briny,Girardengo,11/29/2015,bgirardengoiv@cafepress.com,Female,108.36.77.11
681,Eolande,Oldred,6/25/2007,eoldrediw@bbb.org,Male,8.15.191.164
682,Darell,Segeswoeth,6/25/2011,dsegeswoethix@amazon.co.jp,Non-binary,46.5.17.65
683,Dal,Burlingame,11/8/2015,dburlingameiy@com.com,Female,61.232.67.48
684,Tammie,Riveles,1/22/2017,trivelesiz@dion.ne.jp,Female,213.85.149.70
685,Rainer,Aberhart,5/8/2013,raberhartj0@a8.net,Male,209.147.49.214
686,Bevan,Liddyard,7/25/2021,bliddyardj1@xing.com,Female,48.31.117.32
687,Elianore,Houldin,11/4/2017,ehouldinj2@globo.com,Female,132.27.118.65
688,Regine,Glison,11/23/2014,rglisonj3@netvibes.com,Female,254.16.162.145
689,Dianne,Van Baaren,4/8/2018,dvanbaarenj4@nifty.com,Male,191.92.9.18
690,Garland,Matuszynski,4/11/2014,gmatuszynskij5@netlog.com,Female,236.230.163.57
691,Raynor,Breakspear,9/11/2010,rbreakspearj6@goo.ne.jp,Male,50.184.230.126
692,Guillemette,Moran,9/3/2021,gmoranj7@eepurl.com,Female,43.20.167.105
693,Suzi,Bucknall,8/19/2007,sbucknallj8@techcrunch.com,Female,242.77.64.185
694,Aubine,Lente,5/2/2019,alentej9@tuttocitta.it,Male,212.23.215.73
695,Brittan,Steabler,6/16/2001,bsteablerja@nih.gov,Male,134.102.245.237
696,Taite,Emes,11/26/2009,temesjb@google.fr,Male,128.47.150.195
697,Meredithe,Sudran,10/29/2016,msudranjc@noaa.gov,Female,17.10.228.245
698,Angelle,Britcher,8/23/2009,abritcherjd@nhs.uk,Male,28.50.186.71
699,Nanine,Arnason,11/26/2004,narnasonje@networksolutions.com,Male,32.200.72.100
700,Skyler,Brandenburg,5/25/2017,sbrandenburgjf@usa.gov,Male,173.165.0.132
701,Farica,Chittim,3/27/2016,fchittimjg@baidu.com,Male,10.109.205.79
702,Gwen,Cosgrave,9/14/2001,gcosgravejh@time.com,Male,1.142.110.55
703,Hyman,Lambdon,2/23/2007,hlambdonji@wisc.edu,Male,110.221.25.98
704,Nicolas,Jockle,3/11/2002,njocklejj@biblegateway.com,Female,147.155.217.144
705,Ealasaid,Dumpleton,5/20/2017,edumpletonjk@i2i.jp,Female,174.88.228.111
706,Madelyn,Freeburn,2/13/2001,mfreeburnjl@umich.edu,Male,138.225.153.184
707,Vinnie,Finnimore,6/10/2003,vfinnimorejm@npr.org,Male,59.33.130.153
708,Lonnie,Poundsford,10/30/2014,lpoundsfordjn@jiathis.com,Female,227.15.109.130
709,Clem,Padmore,5/6/2010,cpadmorejo@google.com.au,Male,126.65.112.198
710,Somerset,Reach,8/16/2014,sreachjp@senate.gov,Male,225.12.246.198
711,Turner,Somerled,1/13/2012,tsomerledjq@uiuc.edu,Female,182.111.15.181
712,Eda,Jenkins,6/25/2021,ejenkinsjr@state.gov,Male,137.247.246.244
713,Welbie,Czajkowski,10/22/2007,wczajkowskijs@acquirethisname.com,Female,134.3.215.23
714,Donetta,Wedlock,8/29/2010,dwedlockjt@oakley.com,Female,200.155.182.52
715,Wolf,Devers,5/22/2007,wdeversju@weather.com,Male,252.252.86.74
716,Noel,Boadby,5/11/2009,nboadbyjv@redcross.org,Male,17.237.246.68
717,Trescha,Guidotti,4/11/2002,tguidottijw@home.pl,Female,94.45.187.45
718,Patric,Barfford,6/22/2021,pbarffordjx@devhub.com,Male,168.39.12.110
719,Minne,Bearblock,2/1/2006,mbearblockjy@ftc.gov,Female,188.55.42.48
720,Pietra,Marsham,8/19/2011,pmarshamjz@bandcamp.com,Male,89.42.192.33
721,Jacob,Darkins,12/9/2016,jdarkinsk0@comcast.net,Male,36.93.1.140
722,Misty,Levesque,4/25/2021,mlevesquek1@yelp.com,Non-binary,121.226.97.74
723,Belvia,Indgs,11/18/2014,bindgsk2@bigcartel.com,Male,91.74.143.220
724,Katine,Napthine,5/21/2016,knapthinek3@rakuten.co.jp,Female,241.105.242.194
725,Hazlett,Mulqueen,7/28/2007,hmulqueenk4@businessweek.com,Male,139.52.224.244
726,Meredith,Conaghy,7/21/2016,mconaghyk5@goo.ne.jp,Female,224.185.204.149
727,Deanna,Lilbourne,2/13/2004,dlilbournek6@jiathis.com,Male,218.232.2.236
728,Jay,Gasgarth,5/3/2014,jgasgarthk7@networkadvertising.org,Female,194.114.122.41
729,Madeline,Reboul,9/15/2016,mreboulk8@zdnet.com,Male,60.33.187.235
730,Tine,Smail,9/12/2011,tsmailk9@vimeo.com,Female,67.154.255.196
731,Jeromy,Eagle,10/27/2015,jeagleka@indiegogo.com,Female,52.13.99.237
732,Phaedra,Franceschelli,5/15/2009,pfranceschellikb@tumblr.com,Male,168.171.240.128
733,Cordi,Della,9/22/2002,cdellakc@opensource.org,Female,214.81.125.234
734,Luciano,Veare,9/19/2017,lvearekd@digg.com,Female,91.234.231.12
735,Yul,Klimke,5/9/2004,yklimkeke@google.fr,Female,226.169.209.126
736,Manolo,Barraclough,12/21/2012,mbarracloughkf@barnesandnoble.com,Agender,203.40.85.17
737,Buffy,Orrell,7/15/2016,borrellkg@lycos.com,Male,99.214.163.144
738,Jan,Falconer,4/9/2005,jfalconerkh@whitehouse.gov,Male,54.123.144.82
739,Regan,Springate,11/29/2012,rspringateki@eepurl.com,Male,157.198.227.230
740,Goldia,Paish,4/9/2007,gpaishkj@mlb.com,Genderfluid,52.69.43.177
741,Christyna,Griffiths,1/18/2020,cgriffithskk@slate.com,Female,65.100.241.26
742,Valentijn,Silwood,10/5/2019,vsilwoodkl@gnu.org,Female,247.78.6.214
743,Cristi,Thatcham,9/19/2004,cthatchamkm@webnode.com,Bigender,218.99.11.227
744,Ray,Jaggli,7/24/2007,rjagglikn@adobe.com,Male,178.26.103.27
745,Nels,Larwell,3/17/2016,nlarwellko@artisteer.com,Female,14.76.161.219
746,Candi,Shillam,9/20/2012,cshillamkp@blogtalkradio.com,Female,85.188.103.2
747,Giselbert,Asple,2/19/2020,gasplekq@booking.com,Male,155.129.221.99
748,Cara,Ivory,9/13/2019,civorykr@wisc.edu,Female,186.226.24.72
749,Andras,Kirwin,5/27/2006,akirwinks@ezinearticles.com,Female,63.229.118.129
750,Mikel,Padgett,7/25/2016,mpadgettkt@furl.net,Male,95.48.152.167
751,Adelind,Panks,5/10/2021,apanksku@weather.com,Female,156.109.0.30
752,Tersina,Forbes,1/31/2003,tforbeskv@berkeley.edu,Male,159.229.49.159
753,Bernardine,Amesbury,3/29/2021,bamesburykw@apple.com,Male,146.99.62.26
754,Filippa,Pinchbeck,10/2/2007,fpinchbeckkx@sbwire.com,Female,58.32.220.112
755,Ilyssa,Neissen,12/19/2015,ineissenky@acquirethisname.com,Female,203.40.49.102
756,Bobbee,O'Sheilds,7/21/2001,bosheildskz@house.gov,Female,45.220.236.33
757,Mar,Ilyin,8/7/2007,milyinl0@google.com.br,Female,37.138.36.38
758,Lanna,Ferrone,6/14/2020,lferronel1@sogou.com,Male,44.246.45.173
759,Oswald,Lipprose,9/19/2006,olipprosel2@ebay.com,Male,19.169.238.150
760,Lory,Snoxill,12/5/2017,lsnoxilll3@vistaprint.com,Bigender,62.50.57.6
761,Clerc,Corradini,4/11/2021,ccorradinil4@devhub.com,Male,61.202.242.179
762,Alena,Brundrett,3/27/2006,abrundrettl5@comcast.net,Female,168.17.56.218
763,Caritta,Kirsz,3/13/2017,ckirszl6@is.gd,Male,33.186.230.167
764,Berke,Peyro,6/7/2001,bpeyrol7@theguardian.com,Male,122.176.70.242
765,Donni,Vinas,2/28/2003,dvinasl8@icq.com,Female,229.40.205.126
766,Wadsworth,Brehault,7/5/2016,wbrehaultl9@mail.ru,Male,12.164.82.228
767,Simone,Storres,8/7/2005,sstorresla@state.gov,Female,189.147.10.147
768,Budd,Morfett,10/7/2008,bmorfettlb@mysql.com,Female,114.10.218.30
769,Oriana,Vergo,3/24/2018,overgolc@princeton.edu,Female,63.60.236.51
770,Rudd,Fullylove,12/27/2019,rfullyloveld@friendfeed.com,Female,56.131.190.25
771,Viviene,Skamell,6/3/2005,vskamellle@mail.ru,Male,128.166.39.86
772,Lois,Kaindl,6/14/2007,lkaindllf@prweb.com,Female,179.247.80.178
773,Gusty,Erlam,4/17/2002,gerlamlg@networksolutions.com,Female,232.38.173.237
774,Candie,Borg,4/21/2001,cborglh@twitpic.com,Female,151.197.62.186
775,Hanni,Borchardt,10/18/2020,hborchardtli@is.gd,Female,187.99.76.255
776,Eberhard,Rash,5/12/2004,erashlj@redcross.org,Male,78.217.42.46
777,Claudina,Millichip,2/27/2020,cmillichiplk@go.com,Female,159.148.42.38
778,Amory,Kliment,4/19/2021,aklimentll@unicef.org,Male,15.30.155.90
779,Rhodie,Borges,6/14/2003,rborgeslm@gravatar.com,Male,134.77.13.37
780,Camille,Klas,5/3/2011,cklasln@smh.com.au,Genderfluid,57.229.247.56
781,Rainer,Schroter,4/21/2010,rschroterlo@nih.gov,Male,87.177.151.135
782,Raynard,Pfeffle,10/31/2001,rpfefflelp@nbcnews.com,Male,246.98.238.38
783,Kiley,Willmore,2/10/2013,kwillmorelq@ehow.com,Male,160.41.165.54
784,Selby,Holton,3/23/2001,sholtonlr@cbc.ca,Female,27.10.190.29
785,Koo,Turtle,4/26/2020,kturtlels@fc2.com,Male,76.150.178.140
786,Charin,Feedome,4/21/2015,cfeedomelt@google.com,Female,105.107.220.88
787,Quincey,Newarte,4/5/2013,qnewartelu@mediafire.com,Female,229.135.200.8
788,Jessamine,Caslett,3/11/2007,jcaslettlv@smh.com.au,Male,250.156.219.39
789,Trude,Tibols,11/7/2020,ttibolslw@google.com.au,Male,80.9.174.204
790,Gearalt,Tidmas,3/9/2001,gtidmaslx@adobe.com,Male,212.23.252.161
791,Engracia,Cane,7/15/2021,ecanely@barnesandnoble.com,Female,166.74.218.15
792,Nettle,Riveles,1/27/2015,nriveleslz@macromedia.com,Male,145.163.29.55
793,Vale,Exell,7/29/2009,vexellm0@ask.com,Female,107.11.22.224
794,Durand,Giocannoni,2/20/2004,dgiocannonim1@printfriendly.com,Male,139.178.233.10
795,Ethelbert,Varcoe,8/6/2014,evarcoem2@amazon.co.jp,Male,118.37.107.0
796,Auroora,Tellwright,1/3/2007,atellwrightm3@slideshare.net,Female,126.238.246.223
797,Carlye,Hubback,6/14/2020,chubbackm4@flickr.com,Female,155.222.71.221
798,Annemarie,Parlet,5/24/2011,aparletm5@marketwatch.com,Female,182.93.79.244
799,Audrey,Cortese,10/30/2017,acortesem6@cmu.edu,Male,107.40.104.205
800,Kim,Pembridge,4/30/2009,kpembridgem7@disqus.com,Female,185.134.14.170
801,Lynde,Coot,2/11/2018,lcootm8@msu.edu,Agender,6.82.180.55
802,Trev,Lyndon,7/7/2015,tlyndonm9@csmonitor.com,Male,88.207.221.53
803,Lockwood,Deal,9/2/2008,ldealma@webnode.com,Male,148.218.231.190
804,Marthe,Cottingham,8/2/2020,mcottinghammb@123-reg.co.uk,Male,108.34.210.209
805,Salim,Weare,3/3/2020,swearemc@liveinternet.ru,Female,171.53.116.190
806,Caril,Farris,3/6/2017,cfarrismd@prweb.com,Female,182.82.46.93
807,Shurlock,Costa,1/7/2016,scostame@icio.us,Male,235.229.136.11
808,Imogene,Borthe,12/31/2008,iborthemf@joomla.org,Male,79.138.63.130
809,Weber,Hofler,9/29/2017,whoflermg@studiopress.com,Male,134.178.35.14
810,Mikel,Hewins,2/29/2012,mhewinsmh@i2i.jp,Bigender,157.133.192.202
811,Pamela,Honywill,8/25/2015,phonywillmi@aboutads.info,Female,44.142.243.67
812,Kendre,Jessup,2/25/2015,kjessupmj@storify.com,Male,8.73.159.165
813,Theodosia,Ganter,12/31/2010,tgantermk@plala.or.jp,Female,215.69.209.214
814,Verena,Arter,3/20/2005,varterml@com.com,Male,189.60.237.58
815,Thatcher,Greenstead,1/25/2019,tgreensteadmm@elegantthemes.com,Male,54.89.144.192
816,Helenka,Quan,11/23/2017,hquanmn@unesco.org,Male,180.12.4.43
817,Ulrika,Snodin,1/29/2015,usnodinmo@netvibes.com,Female,110.187.221.187
818,Kerrin,Jenik,1/11/2021,kjenikmp@usatoday.com,Female,20.238.124.230
819,Chantalle,Natt,4/2/2005,cnattmq@purevolume.com,Female,245.42.104.185
820,Abra,Sabate,4/13/2016,asabatemr@marriott.com,Female,156.41.96.211
821,Fanchon,Piens,5/16/2009,fpiensms@msu.edu,Male,25.249.92.37
822,Almeta,Cranidge,6/17/2011,acranidgemt@prweb.com,Male,106.93.173.224
823,Olympie,Ianittello,12/9/2014,oianittellomu@cnbc.com,Female,122.133.94.235
824,Konstanze,Signore,11/23/2005,ksignoremv@4shared.com,Male,243.12.152.129
825,Fawne,Kiddle,2/21/2020,fkiddlemw@cbslocal.com,Female,237.242.238.209
826,Tiffanie,Butterfield,3/8/2007,tbutterfieldmx@zdnet.com,Male,210.122.236.19
827,Darelle,Lafford,7/14/2016,dlaffordmy@nbcnews.com,Female,149.0.254.62
828,Gordie,Tewkesbury,12/16/2011,gtewkesburymz@yellowpages.com,Female,91.6.109.143
829,Jarrett,Benda,3/9/2005,jbendan0@cdc.gov,Female,66.125.204.156
830,Sam,Barwis,4/8/2005,sbarwisn1@usda.gov,Female,6.146.93.0
831,Yehudit,Vasler,4/5/2009,yvaslern2@digg.com,Female,246.231.166.58
832,Errick,Zanettini,5/15/2019,ezanettinin3@wiley.com,Male,176.113.168.109
833,Theodora,Duffrie,7/23/2004,tduffrien4@howstuffworks.com,Non-binary,125.79.145.133
834,Holly-anne,Wapplington,6/29/2005,hwapplingtonn5@istockphoto.com,Male,157.150.86.40
835,Bronny,Pechold,11/6/2013,bpecholdn6@fastcompany.com,Female,58.96.5.30
836,Papagena,Goodday,10/31/2010,pgooddayn7@acquirethisname.com,Polygender,34.226.39.204
837,Brennan,Cary,12/4/2011,bcaryn8@ftc.gov,Female,73.97.11.70
838,Ezra,Nightingale,11/29/2018,enightingalen9@unc.edu,Female,220.54.100.116
839,Hanan,Fahrenbacher,3/31/2012,hfahrenbacherna@163.com,Female,83.22.21.1
840,Emelita,Hawthorne,10/13/2011,ehawthornenb@dailymail.co.uk,Male,138.151.112.4
841,Genni,Heaysman,11/21/2001,gheaysmannc@jalbum.net,Polygender,75.235.164.87
842,Zitella,Winson,11/13/2001,zwinsonnd@bbc.co.uk,Female,247.83.77.86
843,Tris,Rentoll,2/26/2013,trentollne@ehow.com,Female,80.218.152.19
844,Janie,Firminger,10/31/2004,jfirmingernf@engadget.com,Male,31.36.54.16
845,Miller,Gamlen,3/17/2004,mgamlenng@wordpress.com,Male,158.174.88.24
846,Alair,Reinbach,2/7/2014,areinbachnh@gizmodo.com,Male,62.211.39.212
847,Eolande,Bernardelli,4/2/2020,ebernardellini@theatlantic.com,Female,39.225.217.126
848,Bab,Hughesdon,9/8/2001,bhughesdonnj@go.com,Female,236.142.204.36
849,Bobbye,Batalle,2/18/2020,bbatallenk@opera.com,Agender,219.136.1.76
850,Anet,Leech,5/24/2007,aleechnl@ning.com,Male,1.122.124.124
851,Sigismund,Wike,4/3/2013,swikenm@soup.io,Male,144.231.34.112
852,Moyra,Mathelon,4/15/2006,mmathelonnn@hud.gov,Female,162.254.211.32
853,Demetre,Yoxen,7/2/2019,dyoxenno@unc.edu,Male,93.152.187.184
854,Cordelia,Blaise,9/2/2001,cblaisenp@theglobeandmail.com,Female,246.67.32.125
855,Lauralee,MacNockater,7/5/2012,lmacnockaternq@usda.gov,Male,9.215.145.208
856,Viv,Penton,1/5/2020,vpentonnr@oracle.com,Male,66.134.106.172
857,Ashien,Matousek,8/31/2018,amatousekns@msn.com,Female,93.98.123.174
858,Wynne,Ygoe,9/14/2018,wygoent@imageshack.us,Male,86.216.242.6
859,Carroll,Curson,6/12/2002,ccursonnu@cnn.com,Male,210.62.75.41
860,Erwin,Ferreri,2/14/2017,eferrerinv@marriott.com,Male,153.137.136.17
861,Phyllis,Christol,9/8/2009,pchristolnw@wisc.edu,Male,6.88.219.30
862,Korey,Pengelly,5/2/2016,kpengellynx@home.pl,Male,78.165.20.157
863,Judy,Sargerson,8/7/2018,jsargersonny@qq.com,Male,92.230.253.41
864,Radcliffe,McIleen,9/1/2001,rmcileennz@epa.gov,Male,110.7.91.23
865,Orlan,Napton,4/13/2015,onaptono0@tinyurl.com,Male,135.126.188.228
866,Errol,Million,3/31/2011,emilliono1@multiply.com,Male,120.157.6.93
867,Olenolin,Brugh,9/23/2010,obrugho2@networksolutions.com,Male,157.187.223.19
868,Dilly,Boylin,10/8/2015,dboylino3@mysql.com,Agender,33.2.41.201
869,Linell,Riehm,2/20/2018,lriehmo4@craigslist.org,Male,175.198.216.116
870,Codi,Aldwinckle,11/2/2009,caldwinckleo5@uiuc.edu,Female,114.246.187.184
871,Joy,Lapthorne,3/18/2021,jlapthorneo6@studiopress.com,Male,232.95.1.95
872,Angy,Spyvye,10/13/2008,aspyvyeo7@cornell.edu,Genderfluid,166.18.85.170
873,Emlyn,McPheat,2/14/2020,emcpheato8@hostgator.com,Male,113.76.171.85
874,Berk,Pechold,6/22/2016,bpecholdo9@ebay.com,Male,65.80.233.181
875,Leeanne,Ruzic,3/27/2021,lruzicoa@rediff.com,Male,1.181.103.196
876,Barclay,Lyes,8/20/2001,blyesob@lycos.com,Agender,32.139.0.27
877,Katharina,Figgins,8/16/2020,kfigginsoc@dell.com,Male,112.250.115.49
878,Melitta,Laverenz,8/5/2013,mlaverenzod@acquirethisname.com,Male,248.234.62.16
879,Aime,Chaize,6/28/2018,achaizeoe@economist.com,Male,97.148.11.57
880,Mal,Sextie,8/15/2019,msextieof@canalblog.com,Male,217.74.172.230
881,Maighdiln,Pleat,12/15/2008,mpleatog@surveymonkey.com,Male,152.158.159.122
882,Addie,Pelchat,4/6/2003,apelchatoh@bloglovin.com,Male,173.63.29.155
883,Georas,Flowers,11/29/2018,gflowersoi@live.com,Male,97.50.166.225
884,Ryann,Langcastle,2/28/2010,rlangcastleoj@home.pl,Female,249.184.44.42
885,Fletch,Kennerknecht,11/23/2019,fkennerknechtok@sfgate.com,Male,225.10.25.79
886,Rasia,Ayerst,9/16/2009,rayerstol@cpanel.net,Male,148.42.53.214
887,Ketty,Iglesia,4/3/2014,kiglesiaom@virginia.edu,Genderqueer,131.27.20.138
888,Carleton,Castangia,4/9/2010,ccastangiaon@nps.gov,Female,222.60.52.11
889,Asher,Geikie,11/19/2008,ageikieoo@ezinearticles.com,Male,28.206.227.36
890,Anna-diane,Caught,8/17/2009,acaughtop@pen.io,Agender,45.210.39.124
891,Terri-jo,Moye,4/14/2016,tmoyeoq@amazon.de,Female,67.108.68.211
892,Whitaker,Gealle,3/26/2004,wgealleor@webs.com,Female,32.40.254.227
893,Lilla,Fryatt,11/17/2008,lfryattos@storify.com,Female,208.100.179.82
894,Arda,Batterham,10/20/2017,abatterhamot@mac.com,Male,206.245.125.75
895,Dulci,Aven,9/27/2007,davenou@nasa.gov,Male,94.253.116.5
896,Clementius,McKniely,6/29/2020,cmcknielyov@163.com,Female,92.12.223.165
897,Stavros,Campling,11/8/2012,scamplingow@webmd.com,Male,87.29.245.207
898,Adelice,Colborn,4/1/2008,acolbornox@google.fr,Male,226.139.77.216
899,Jervis,Baitson,2/18/2006,jbaitsonoy@utexas.edu,Female,25.152.198.74
900,Nessy,Eastgate,10/29/2003,neastgateoz@t-online.de,Male,42.8.50.243
901,Moyna,Tichner,8/12/2020,mtichnerp0@reference.com,Female,245.196.51.229
902,Bert,Killeley,3/14/2006,bkilleleyp1@nature.com,Male,216.12.130.48
903,Tova,Shovelin,3/11/2021,tshovelinp2@umich.edu,Male,174.66.146.28
904,Blake,Westpfel,12/19/2010,bwestpfelp3@paypal.com,Male,135.59.60.165
905,Hunter,Appleyard,6/4/2004,happleyardp4@dedecms.com,Male,174.26.55.140
906,Silvio,Poveleye,6/12/2002,spoveleyep5@w3.org,Female,132.150.209.107
907,Devin,Marke,10/3/2007,dmarkep6@gnu.org,Female,145.179.214.105
908,Diahann,Spaunton,8/28/2012,dspauntonp7@ucsd.edu,Female,32.229.42.222
909,Marjy,Kiffe,6/26/2011,mkiffep8@friendfeed.com,Female,32.61.122.233
910,Anselma,Caulton,8/20/2021,acaultonp9@thetimes.co.uk,Male,38.217.169.208
911,Lee,Whitbread,8/1/2018,lwhitbreadpa@dion.ne.jp,Male,133.240.180.58
912,Gustave,Filipczak,9/14/2019,gfilipczakpb@elegantthemes.com,Male,73.51.191.146
913,Prinz,Crudginton,6/7/2020,pcrudgintonpc@pbs.org,Male,114.169.111.47
914,Clarine,Cawsey,7/9/2008,ccawseypd@naver.com,Male,208.117.194.180
915,Baryram,Blowers,3/20/2014,bblowerspe@acquirethisname.com,Male,152.255.18.8
916,Ashil,Edwards,7/9/2014,aedwardspf@odnoklassniki.ru,Male,232.19.154.35
917,Bernette,Gallie,8/4/2008,bgalliepg@google.it,Male,78.62.110.225
918,Fina,Skellion,8/27/2008,fskellionph@patch.com,Female,181.161.103.253
919,Lucinda,Asplen,9/13/2012,lasplenpi@myspace.com,Female,28.178.144.91
920,Emory,Pluvier,3/20/2016,epluvierpj@weather.com,Male,107.163.241.173
921,Jeannie,Gentile,1/7/2018,jgentilepk@economist.com,Non-binary,232.51.93.246
922,Zerk,Celes,7/3/2009,zcelespl@delicious.com,Male,34.79.159.100
923,Simeon,Lilian,9/9/2018,slilianpm@google.es,Female,70.203.31.40
924,Tandi,Kalb,10/28/2020,tkalbpn@ehow.com,Female,207.34.242.58
925,Rich,Stagge,6/30/2011,rstaggepo@hibu.com,Female,140.45.57.142
926,Delbert,Scoone,2/9/2015,dscoonepp@bloglines.com,Female,122.88.91.56
927,Hanan,McDavid,8/30/2016,hmcdavidpq@goo.ne.jp,Male,101.251.23.44
928,Christabella,Ballaam,8/17/2011,cballaampr@mapquest.com,Female,6.180.15.69
929,Putnam,Duckerin,2/28/2021,pduckerinps@alibaba.com,Female,177.212.0.30
930,Justin,Fretter,4/5/2021,jfretterpt@mozilla.org,Male,76.173.155.50
931,Concordia,Oldroyde,12/30/2007,coldroydepu@apache.org,Female,12.235.113.129
932,Felic,Colvin,10/11/2011,fcolvinpv@linkedin.com,Female,217.246.169.213
933,Carlee,Tamplin,4/16/2008,ctamplinpw@boston.com,Male,156.132.82.212
934,Harcourt,Lansdown,5/13/2008,hlansdownpx@guardian.co.uk,Female,151.63.187.220
935,Mead,Witcher,5/2/2009,mwitcherpy@friendfeed.com,Female,89.179.244.196
936,Elinore,Glaves,1/21/2015,eglavespz@cnbc.com,Male,7.175.170.50
937,Land,Skaif,3/17/2004,lskaifq0@intel.com,Genderqueer,17.111.193.112
938,Barnett,Leigh,12/3/2016,bleighq1@ow.ly,Female,161.5.211.175
939,Sidney,La Vigne,9/21/2010,slavigneq2@apache.org,Male,242.65.236.223
940,Vilma,Guidone,2/10/2015,vguidoneq3@goo.ne.jp,Female,176.141.221.17
941,Koralle,Rollingson,2/14/2008,krollingsonq4@bravesites.com,Male,108.16.183.254
942,Neile,Jindrak,1/17/2020,njindrakq5@google.ca,Female,66.37.88.75
943,Win,Dimanche,8/29/2002,wdimancheq6@opera.com,Male,178.215.181.121
944,Milty,Cockshutt,9/29/2005,mcockshuttq7@slideshare.net,Female,61.93.184.129
945,Basile,Piaggia,4/29/2006,bpiaggiaq8@blogger.com,Female,87.174.100.85
946,Maggi,Belamy,2/17/2021,mbelamyq9@google.nl,Female,48.150.164.104
947,Lotty,Menhci,4/13/2015,lmenhciqa@huffingtonpost.com,Genderqueer,175.116.252.116
948,Riki,Covolini,2/15/2019,rcovoliniqb@sitemeter.com,Female,113.191.71.162
949,Cacilie,Risbie,2/5/2018,crisbieqc@yale.edu,Female,176.15.64.170
950,Barnabe,Oakton,7/5/2012,boaktonqd@soundcloud.com,Polygender,35.42.54.77
951,Luci,Murrock,6/4/2008,lmurrockqe@elpais.com,Male,149.162.255.21
952,Aurlie,Arrol,5/7/2011,aarrolqf@sakura.ne.jp,Female,135.214.54.8
953,Janaya,Harwood,10/17/2020,jharwoodqg@usatoday.com,Female,240.226.215.54
954,Petr,Arnaud,11/22/2006,parnaudqh@bloglines.com,Female,167.206.0.119
955,Dawna,Pepys,7/31/2005,dpepysqi@ucsd.edu,Male,61.24.249.63
956,Eddy,Primett,12/22/2014,eprimettqj@blog.com,Polygender,16.243.125.85
957,Fredra,Bock,1/28/2004,fbockqk@nih.gov,Male,27.139.57.119
958,Clive,Gottschalk,8/15/2009,cgottschalkql@github.com,Male,147.140.124.229
959,Coop,Errey,11/4/2008,cerreyqm@redcross.org,Female,239.24.120.231
960,Ryan,Meysham,2/11/2020,rmeyshamqn@livejournal.com,Male,134.229.232.174
961,Tabb,Coverlyn,2/13/2001,tcoverlynqo@twitter.com,Female,182.151.38.241
962,Goddard,Markus,4/17/2021,gmarkusqp@yolasite.com,Female,181.76.65.200
963,Bondy,Cicchinelli,5/4/2001,bcicchinelliqq@oracle.com,Female,35.243.15.117
964,Mina,Voules,6/1/2005,mvoulesqr@auda.org.au,Female,52.175.157.44
965,Rubetta,Neising,6/26/2015,rneisingqs@woothemes.com,Female,236.11.143.92
966,Gabriellia,Willimott,9/12/2018,gwillimottqt@geocities.com,Male,137.149.205.102
967,Elana,Lobb,1/14/2022,elobbqu@nasa.gov,Female,43.30.1.51
968,Ragnar,Marielle,9/27/2020,rmarielleqv@lulu.com,Male,189.13.161.237
969,Kali,Ducker,6/2/2007,kduckerqw@topsy.com,Female,62.239.29.245
970,Vassili,Hannen,12/13/2018,vhannenqx@archive.org,Male,39.0.44.10
971,Baxy,Van Cassel,6/11/2018,bvancasselqy@taobao.com,Female,254.211.141.186
972,Alberta,Brain,1/4/2019,abrainqz@alexa.com,Male,8.67.192.100
973,Poppy,Wenban,7/10/2006,pwenbanr0@sourceforge.net,Female,72.129.159.154
974,Marleah,Prin,8/14/2005,mprinr1@geocities.jp,Female,180.75.28.107
975,Norrie,Cyson,10/4/2014,ncysonr2@bbc.co.uk,Male,110.19.190.166
976,Lynne,Hallums,7/21/2008,lhallumsr3@plala.or.jp,Male,174.251.70.100
977,Arnaldo,Pachmann,8/3/2015,apachmannr4@people.com.cn,Female,159.157.207.173
978,Maynard,Raxworthy,4/2/2003,mraxworthyr5@slate.com,Male,26.236.162.177
979,Pammie,Syde,8/28/2013,psyder6@1688.com,Female,20.12.207.119
980,Barnebas,Flello,4/5/2007,bflellor7@wix.com,Female,215.9.97.130
981,Aeriell,Beall,4/25/2009,abeallr8@usnews.com,Female,8.201.110.155
982,Philly,Hexum,1/30/2020,phexumr9@hhs.gov,Male,77.44.216.147
983,Helaine,Descroix,3/6/2012,hdescroixra@ted.com,Male,56.160.152.54
984,Charin,Evered,2/25/2012,ceveredrb@gizmodo.com,Female,141.25.194.204
752,Tersina,Forbes,1/31/2003,tforbeskv@berkeley.edu,Male,159.229.49.159
985,Tobias,Munslow,11/9/2017,tmunslowrc@thetimes.co.uk,Female,2.78.51.176
986,Carie,McCluin,10/13/2004,cmccluinrd@themeforest.net,Female,87.182.6.33
987,Willamina,Amsden,7/24/2015,wamsdenre@irs.gov,Male,174.188.131.197
988,Vonnie,Horwell,11/4/2018,vhorwellrf@mediafire.com,Male,51.138.144.251
989,Rochette,Cryer,1/5/2015,rcryerrg@si.edu,Male,100.107.9.89
990,Shellysheldon,Copes,9/19/2001,scopesrh@artisteer.com,Male,90.101.115.246
991,Rania,Wigginton,10/21/2019,rwiggintonri@ifeng.com,Male,104.78.248.189
992,Cissy,Van Arsdalen,3/23/2016,cvanarsdalenrj@addthis.com,Male,140.109.39.224
993,Noell,Fisbburne,2/16/2018,nfisbburnerk@github.io,Male,109.194.179.145
994,Jabez,Cantillon,2/1/2009,jcantillonrl@tinyurl.com,Female,27.6.184.166
752,Tersina,Forbes,1/31/2003,tforbeskv@berkeley.edu,Male,159.229.49.159
995,Uta,Maddocks,7/7/2002,umaddocksrm@studiopress.com,Male,13.220.245.118
996,Ezmeralda,Ludewig,6/15/2020,eludewigrn@ihg.com,Female,79.187.209.41
997,Evered,Hawler,9/29/2016,ehawlerro@posterous.com,Female,255.67.171.105
998,Donnell,Jochen,10/21/2015,djochenrp@slashdot.org,Female,174.38.217.107
999,Tyrone,Plain,4/3/2005,tplainrq@shareasale.com,Male,236.116.59.151
1000,Sheelagh,Hedworth,7/4/2018,shedworthrr@umn.edu,Female,77.63.220.124
